provider_id,provider_name,lat,lng,radius_km,city,country_code
39719,"Мамо, я в шапці Броварський просп.",50.456772,30.614039,3.0,Kyiv,ua
80596,Asia Go,50.419392,30.52109,3.0,Kyiv,ua
115854,КУМА ШАУРМА Таїрова,46.39846,30.72279,3.0,Odesa,ua
154294,EatSushi Героїв Праці,50.02351,36.337134,3.0,Kharkiv,ua
162431,DOMINO’S PIZZA вул. В'ячеслава Чорновола,50.5162,30.78144,7.0,Brovary,ua
176728,Сімейна Піца/Сімейна  Пекарня,50.63437,26.27729,3.0,Rivne,ua
80468,Pesto Cafe Дніпровська набережна,50.39884,30.61704,3.0,Kyiv,ua
95200,Піца-Крила,50.443621,30.496194,3.0,Kyiv,ua
115044,Жуїстика Сільпо на Берестейському,50.458923,30.398857,3.0,Kyiv,ua
64161,Hellboy Піца Олександри Екстер,50.52274,30.61054,4.0,Kyiv,ua
70304,Striploin Burgers,50.429633,30.384059,3.0,Kyiv,ua
124514,Roll Club вул. М. Лаврухіна,50.517703,30.597856,3.0,Kyiv,ua
178753,EatSushi Миколаїв Лазурна,46.947347,31.940799,3.0,Mykolaiv,ua
8208,Porter Pub Жилянська,50.444648,30.492764,3.0,Kyiv,ua
48231,Sushi Master Академіка Вільямса,50.389805,30.463029,3.0,Kyiv,ua
153732,Vape Shop - вейп шоп №2,50.416106,30.459638,3.0,Kyiv,ua
172597,На гачку,49.240868,28.491126,3.0,Vinnytsia,ua
34693,Poke Oke б-р Чоколівський,50.432211,30.454389,3.0,Kyiv,ua
36576,Sushi Family просп. Героїв,48.41909,35.06186,3.0,Dnipro,ua
48543,Sushi Master Панікахи,48.39611,35.02745,4.5,Dnipro,ua
153505,"Кулиничі пекарня,піца / Kulinichi pizza,bakery вул. Гетьмана Полуботка",50.62032,26.24384,3.0,Rivne,ua
154250,EatSushi пр-т Берестейський,50.45741,30.40929,3.0,Kyiv,ua
25404,Chick'n'Rice Миколайчука,50.43508,30.60643,3.0,Kyiv,ua
194918,"Oh, Kelly",48.509269,32.265564,15.0,Kropyvnytskyi,ua
18294,Friends cafe,50.495418,30.523127,3.0,Kyiv,ua
21502,Chick'n'Rice Макіївська,50.50877,30.453118,3.0,Kyiv,ua
51087,All Stars by ASAP Урлівська,50.4072,30.61814,9.0,Kyiv,ua
72439,Roll Club Полтавський шлях,49.9841,36.18534,9.0,Kharkiv,ua
51194,All Stars by ASAP Яворницького,48.46428,35.04454,9.0,Dnipro,ua
64184,Hellboy Піца Драгоманова,50.413989,30.635985,4.0,Kyiv,ua
128530,Royal Kebab вул. Малоголосівська,49.867154,23.999726,3.0,Lviv,ua
155199,Remeslo Brewery Перемоги,50.059773,36.202708,3.0,Kharkiv,ua
164062,“НЯМ by VARUS.UA” вул. Яворницького,48.464896,35.044214,3.0,Dnipro,ua
31809,MONOпіца Марини Цвєтаєвої,50.523135,30.609827,4.0,Kyiv,ua
57824,WeSushi пр-т Мартинова,50.3989,30.39253,3.0,Kyiv,ua
154265,EatSushi вул. Берчені,48.626089,22.301026,3.0,Uzhhorod,ua
115478,Remeslo Brewery вул. Миколи Бажана 8,50.39364,30.61145,3.0,Kyiv,ua
154178,EatSushi п-т Свободи,50.50574,30.43804,3.0,Kyiv,ua
170196,Urban Burger вул. Георгія Кірпи,50.438155,30.487447,3.0,Kyiv,ua
178750,WeSushi Миколаїв Лазурна,46.947347,31.940799,3.0,Mykolaiv,ua
72032,Umami Sushi Нижньодніпровська,48.529587,35.030897,3.0,Dnipro,ua
77864,Hariacha Patelnia,49.83748,24.03182,3.0,Lviv,ua
80477,Pesto Cafe Велика Окружна,50.42905,30.35646,3.0,Kyiv,ua
154158,EatSushi просп. Гагаріна,47.908487,33.406346,3.0,Kryvyi Rih,ua
154168,EatSushi Кірпи,50.437322,30.486234,3.0,Kyiv,ua
22522,Shanhayskiy kit/Шанхайський Кіт Іллєнка,50.466273,30.47425,3.0,Kyiv,ua
68046,1708 pizza di Napoli ЖК Вікінг парк,49.80938,24.06158,3.0,Lviv,ua
89596,WeSushi вул. Бірюкова,50.55015,30.19952,3.0,Irpin,ua
154133,Don Peperon Сім'ї Сосніних/Дзюби,50.4172,30.39256,3.0,Kyiv,ua
154210,EatSushi пр-т Гагаріна,50.44522,30.6262,3.0,Kyiv,ua
154271,EatSushi Сверстюка,50.447914,30.6022,3.0,Kyiv,ua
166437,Dono Піца Героїв України,48.549928,35.842446,3.0,Pavlohrad,ua
48380,Sushi Master Салютна,50.47173,30.40012,3.0,Kyiv,ua
57769,WeSushi Салютна,50.47176,30.40004,3.0,Kyiv,ua
85989,Food.prom Трінклера,50.00562,36.2327,3.0,Kharkiv,ua
118958,ШАУРМАМА вул. Михайла Гришка,50.3964,30.6319,3.0,Kyiv,ua
162711,Cucina della Mamma Мечникова,50.518801,30.21295,3.0,Irpin,ua
12210,Євразія Драгоманова,50.40532,30.63806,3.0,Kyiv,ua
22780,Mafia Людвіга,50.05688,36.2047,3.0,Kharkiv,ua
47134,Cinnabon Respublika Park,50.373684,30.446472,3.0,Kyiv,ua
72437,Roll Club Майдан Конституції,49.990828,36.233307,3.0,Kharkiv,ua
153431,"Кулиничі пекарня,піца / Kulinichi pizza,bakery вул. Наукова",49.804136,23.992692,3.0,Lviv,ua
164110,“НЯМ by VARUS.UA” вул. Ревуцького,50.41187,30.64545,3.0,Kyiv,ua
22484,Poke Oke Броварський просп.,50.456772,30.614039,3.0,Kyiv,ua
25987,Барбекю меню від ASAP Левка Лук'яненка,50.512178,30.492153,3.0,Kyiv,ua
46296,Sushi Family Метробудівська,48.4787,34.91285,4.0,Dnipro,ua
117819,WeSushi вул. Київська,49.090874,33.427428,3.0,Kremenchuk,ua
154253,EatSushi Святошинська 3А,50.45409,30.38863,3.0,Kyiv,ua
56482,DÖNER МАРКЕТ Лятошинського,50.378621,30.449153,3.0,Kyiv,ua
92292,"Той самий бургер вул. Грушевського, 66",49.23597,28.46454,3.0,Vinnytsia,ua
48365,Sushi Master Новосілки,50.353093,30.460012,3.0,Kyiv,ua
50944,Streets Левка Лук'яненка,50.512178,30.492153,9.0,Kyiv,ua
70301,Roll Pancake,50.429633,30.384059,3.0,Kyiv,ua
80465,Pesto Cafe Правди,50.503657,30.416508,3.0,Kyiv,ua
21503,Chick'n'Rice Федорова,50.427097,30.508818,3.0,Kyiv,ua
25984,Shanhayskiy kit/Шанхайський Кіт Левка Лук'яненка,50.512178,30.492153,3.0,Kyiv,ua
51872,Вічнозелені Софіївська Борщагівка,50.42469,30.36629,9.0,Kyiv,ua
52314,Панда їсть бамбук Іллєнка,50.466273,30.47425,9.0,Kyiv,ua
115046,Жуїстика Сільпо на Березневій,50.429716,30.61928,3.0,Kyiv,ua
173695,Золотий чебурек Академіка Янгеля,50.447262,30.453185,4.0,Kyiv,ua
89598,WeSushi вул. Шевченка,50.518657,30.241142,3.0,Irpin,ua
193331,Enjoy Doner,50.409184,30.65918,3.0,Kyiv,ua
86597,Pasta&Pizza Самійла Кішки,50.384334,30.458094,3.0,Kyiv,ua
132243,CHINA HI & THAI HI,50.442446,30.544366,3.0,Kyiv,ua
145471,DALI BUDE/ДАЛІ БУДЕ,48.91976,24.70903,3.0,Ivano-Frankivsk,ua
155210,Remeslo Brewery Стадіонний проїзд,49.959905,36.324167,3.0,Kharkiv,ua
177069,Greek House ТЦ GLOBUS,50.45123,30.522154,3.0,Kyiv,ua
21516,Chick'n'Rice Васильківська,50.39381,30.49071,3.0,Kyiv,ua
31113,Lviv Croissants Дружби Народів,50.418604,30.544264,3.0,Kyiv,ua
31581,Chick'n'Rice Вернадського,50.462562,30.374459,3.0,Kyiv,ua
40662,DÖNER МАРКЕТ Оболонський,50.512969,30.497274,3.0,Kyiv,ua
52313,Панда їсть бамбук Ревуцького,50.4118,30.64565,9.0,Kyiv,ua
91947,Bufet пр-т Незалежності,50.00711,36.22582,3.0,Kharkiv,ua
128521,ШАВУХА ТОПчик \ SHAVUXA TOP вул. Макіївська,50.50872,30.453187,3.0,Kyiv,ua
154174,Don Peperon Родини Крістерів,50.501638,30.421639,4.0,Kyiv,ua
162772,Cucina della Mamma бул. Вацлава Гавела,50.44343,30.4187,3.0,Kyiv,ua
173034,Salateira вул. Лугова,50.50537,30.47083,3.0,Kyiv,ua
121210,SUGAR&SALT,49.951379,36.376201,3.0,Kharkiv,ua
121500,Roll Club Біла Церква,49.772669,30.124485,3.0,Bila Tserkva,ua
177107,Greek House ТРЦ Lavina Mall,50.49623,30.35787,3.0,Kyiv,ua
188443,We Sushi Соборності,50.76488,25.367422,3.0,Lutsk,ua
102042,Chick'n'Rice Ірпінь,50.518843,30.212859,3.0,Irpin,ua
109558,Pizza Day 084 вул. Незалежності України,47.948518,33.45583,3.0,Kryvyi Rih,ua
109635,"Pizza Day 140 м-н 5-й Зарічний, 60Г",47.998126,33.490599,3.0,Kryvyi Rih,ua
117806,Sushi Master вул. Київська,49.090874,33.427428,3.0,Kremenchuk,ua
150428,Royal Kebab Замарстинівська,49.861316,24.027207,3.0,Lviv,ua
48932,DÖNER МАРКЕТ Дружби народів 16а,50.41432,30.53859,3.0,Kyiv,ua
80470,"Pesto Cafe Бандери, 34В",50.48627,30.51944,3.0,Kyiv,ua
98373,This is Pivbar вул. Левка Лук’яненка,50.51174,30.5026,3.0,Kyiv,ua
21399,Супчик Салатик Вацлава Гавела,50.44367,30.419,3.0,Kyiv,ua
48544,Sushi Master Гагаріна,48.449689,35.059881,3.0,Dnipro,ua
70994,Sushi Family Кам’янська,48.460776,34.968486,3.0,Dnipro,ua
75019,Lviv Croissants Андрія Малишка,50.45742,30.61326,3.0,Kyiv,ua
122550,Lviv Croissants,48.4417,22.71809,3.0,Mukachevo,ua
142897,Кафе Національ Ревуцького,50.411803,30.644934,3.0,Kyiv,ua
194311,Crazy Land вул. Зінківська,49.602068,34.532584,3.0,Poltava,ua
55696,ДжонДжолі площа Ринок,49.842536,24.031236,3.0,Lviv,ua
136238,L&K Sushi,49.9627,36.09488,3.0,Kharkiv,ua
154297,EatSushi Преображенська,46.478814,30.7315,3.0,Odesa,ua
173935,Сніданок мріЇ Велика Васильківська,50.422891,30.5189,4.0,Kyiv,ua
44378,Varcafe (ex. Varburger),48.46395,35.0462,7.0,Dnipro,ua
71802,"Шаурма на районі Пирогова, 78",49.22294,28.442576,3.0,Vinnytsia,ua
93116,Nunu вул. Ярославів Вал,50.4526,30.50893,3.0,Kyiv,ua
103977,WeSushi вул. Небесної Сотні,48.261536,25.941193,3.0,Chernivtsi,ua
154189,EatSushi Салютна,50.47169,30.39999,3.0,Kyiv,ua
155125,"Той самий бургер проспект Космонавтів, 77",49.220666,28.420709,3.0,Vinnytsia,ua
156040,По Кухлю,50.511866,30.492443,3.0,Kyiv,ua
50942,Streets Чоколівський б-р,50.432211,30.454389,9.0,Kyiv,ua
78124,Млинці. Mon Ami Bakery,50.432667,30.540527,3.0,Kyiv,ua
82752,Nunu Шота Руставелі,50.439,30.52085,3.0,Kyiv,ua
162718,Cucina della Mamma просп. Броварський,50.456772,30.614039,3.0,Kyiv,ua
188449,We Sushi Старокостянтинівське шосе,49.4515,27.01317,3.0,Khmelnytskyi,ua
21411,Супчик Салатик Федорова,50.4271,30.5089,3.0,Kyiv,ua
115038,Жуїстика Сільпо на Калнишевського,50.52016,30.46567,3.0,Kyiv,ua
185766,Shawarma Factory пр-т. Тараса Шевченка,48.51571,34.593766,3.0,Kamianske,ua
75090,Lviv Croissants Садова,49.82301,23.98119,3.0,Lviv,ua
164807,Євразія Експрес,50.417452,30.394092,3.0,Kyiv,ua
24962,Барбекю меню від ASAP Макіївська,50.50892,30.45342,3.0,Kyiv,ua
48384,Sushi Master Бойчука,50.418106,30.549973,3.0,Kyiv,ua
51913,Вічнозелені Просп. Червоної Калини,50.508583,30.607073,9.0,Kyiv,ua
68263,Pizza Bella Napoli Тракторобудівників,49.99554,36.33967,3.0,Kharkiv,ua
167788,Ресто by М'ясомаркет вул. Троїцька,50.916813,34.814821,3.0,Sumy,ua
48513,Sushi Master пр-т Гагаріна,50.445216,30.626196,3.0,Kyiv,ua
91938,Bufet пр-т Любові Малої,49.96671,36.18293,3.0,Kharkiv,ua
117134,Roll Club Академіка Сахарова,48.914027,24.712281,3.0,Ivano-Frankivsk,ua
109542,Pizza Day 167  вул. Лермонтова,47.90399,33.35696,3.0,Kryvyi Rih,ua
67369,Umami Sushi Тимошенка,50.51353,30.49732,3.0,Kyiv,ua
101999,Вічнозелені Ірпінь,50.518843,30.212859,3.0,Irpin,ua
195715,Папороть просп. Червоної Калини,50.50812,30.60636,3.0,Kyiv,ua
196210,Кафе Шарлотта,50.453052,30.490356,3.0,Kyiv,ua
21520,Shanhayskiy kit/Шанхайський Кіт Федорова,50.427097,30.508818,3.0,Kyiv,ua
48440,Sushi Master п-т Свободи,50.505111,30.43824,3.0,Kyiv,ua
52168,DÖNER МАРКЕТ Smart Plaza Політех,50.45157,30.46764,3.0,Kyiv,ua
57832,WeSushi ТЦ Оазис,50.522621,30.498857,3.0,Kyiv,ua
68281,Umami Sushi Людвіга Свободи,50.0569,36.2047,3.0,Kharkiv,ua
155924,"""Balta Pub"" пров. Балтійський",50.496649,30.467849,3.0,Kyiv,ua
164301,LKF,49.239713,28.493656,3.0,Vinnytsia,ua
173950,Піца-Крила Глибочицька,50.462807,30.488402,4.0,Kyiv,ua
8155,Porter Pub Хрещатик,50.44759,30.52393,3.0,Kyiv,ua
57813,WeSushi Мішуги,50.397867,30.638216,3.0,Kyiv,ua
39708,"Мамо, я в шапці Ревуцького",50.41166,30.64555,3.0,Kyiv,ua
48229,Sushi Master Васильківська,50.382072,30.476302,3.0,Kyiv,ua
59362,WeSushi Клавдіївська,50.477643,30.338236,3.0,Kyiv,ua
129740,Жуїстика Сільпо на Шептицького,50.456482,30.59377,3.0,Kyiv,ua
167663,Сузір'я,48.463751,35.05248,7.0,Dnipro,ua
172678,Що по чебурекам Глибочицька,50.462807,30.488402,4.0,Kyiv,ua
53650,Porter Pub Ореста Васкула,50.45739,30.36299,3.0,Kyiv,ua
67372,Umami Sushi Берестейський,50.45678,30.365418,3.0,Kyiv,ua
115847,КУМА ШАУРМА Куликове Поле,46.467504,30.744575,3.0,Odesa,ua
175834,Yoshi вул. Соборна,49.232774,28.472335,3.0,Vinnytsia,ua
176907,Foodie Box,50.419255,30.521058,3.0,Kyiv,ua
194707,чілміл Липківського,50.435866,30.490007,3.0,Kyiv,ua
57814,WeSushi Полярна,50.517043,30.463801,3.0,Kyiv,ua
68122,"Pizza Bella Napoli Володимира Мономаха, 2K",48.46638,35.04569,3.0,Dnipro,ua
114768,Lviv Croissants вул. Січових Стрільців,49.45052,27.01303,3.0,Khmelnytskyi,ua
154262,EatSushi Татарська,50.464451,30.486642,3.0,Kyiv,ua
175765,Yoshi вул. Стрілецька,49.24429,28.47868,3.0,Vinnytsia,ua
196060,На Часі,48.464798,35.040289,3.0,Dnipro,ua
57708,WeSushi Маяковського,50.50202,30.59145,3.0,Kyiv,ua
66325,BUDUSUSHI Марсельська,46.5702,30.80063,3.0,Odesa,ua
91310,"Lviv Croissants вул. Шевченка, 4",49.84279,24.017776,3.0,Lviv,ua
115042,Жуїстика Сільпо на Січових Стрільців,50.45611,30.49707,3.0,Kyiv,ua
8093,Viet Bar,50.4295,30.5157,3.0,Kyiv,ua
50970,Streets Ревуцького,50.41169,30.64553,9.0,Kyiv,ua
59389,WeSushi Львівська,50.43367,30.31916,3.0,Kyiv,ua
142904,Кафе Національ Урлівська,50.40735,30.61825,3.0,Kyiv,ua
154300,EatSushi пр-т Перемоги,50.0627,36.20442,3.0,Kharkiv,ua
194541,Mia Sushi,49.423272,26.995165,3.0,Khmelnytskyi,ua
126998,чілміл на Лаврухіна,50.516304,30.602151,3.0,Kyiv,ua
9645,Mafia Хрещатик,50.4522,30.526301,3.0,Kyiv,ua
22520,Chackmag Doner Іллєнка,50.466273,30.47425,3.0,Kyiv,ua
72166,Шаурмішка Юності,49.22419,28.41089,3.0,Vinnytsia,ua
162537,чілміл Андрія Верхогляда,50.40826,30.54246,3.0,Kyiv,ua
190241,FoodieSpace Миколайчука,49.874532,24.039665,3.0,Lviv,ua
192444,ТУТ шаверма шоп вул. Шевченка,49.422962,26.996009,3.0,Khmelnytskyi,ua
73800,Remeslo Brewery Григоренка,50.410791,30.625917,3.0,Kyiv,ua
138911,Street Food L&K,49.9627,36.09488,3.0,Kharkiv,ua
142910,Кафе Національ Тютюнника,50.416816,30.528896,3.0,Kyiv,ua
154270,EatSushi Шевченка,51.492132,31.302519,3.0,Chernihiv,ua
164073,“НЯМ by VARUS.UA” вул. Макіївська,50.508906,30.45345,3.0,Kyiv,ua
167249,EatSushi Стуса,48.515468,34.574239,3.0,Kamianske,ua
192121,Cafe Dash,50.442307,30.521577,3.0,Kyiv,ua
196279,Duna lounge,50.272725,28.657011,3.0,Zhytomyr,ua
21410,Супчик Салатик Макіївська,50.509431,30.453294,3.0,Kyiv,ua
50982,Streets Гавела,50.44331,30.41868,9.0,Kyiv,ua
57767,WeSushi Академіка Вільямса,50.389805,30.463029,3.0,Kyiv,ua
59409,WeSushi Дорогожицька,50.470616,30.461762,3.0,Kyiv,ua
71757,All Stars by ASAP генерала Пушкіна,48.4372,35.03273,9.0,Dnipro,ua
115049,Жуїстика Сільпо на Борщагівській,50.445229,30.444155,3.0,Kyiv,ua
173964,Gyoza&Go Велика Васильківська,50.422891,30.5189,4.0,Kyiv,ua
17530,"Євразія Червоної Калини, 44а",50.51689,30.61868,3.0,Kyiv,ua
25409,Барбекю меню від ASAP Миколайчука,50.43508,30.60643,3.0,Kyiv,ua
32218,Lviv Croissants Староєврейська 5,49.84045,24.03148,3.0,Lviv,ua
46297,Sushi Family б-р Слави,48.41231,35.06911,3.0,Dnipro,ua
79718,Київська шаурма №1 Голосіївський проспект 36,50.40478,30.51644,3.0,Kyiv,ua
82006,Remeslo Brewery Рильського,50.372047,30.446894,3.0,Kyiv,ua
117823,WeSushi вул. Горького,48.528562,35.868518,3.0,Pavlohrad,ua
162723,Cucina della Mamma Пушкіна,48.43728,35.03288,3.0,Dnipro,ua
159790,Marcello Нескорених,50.027382,36.33077,10.0,Kharkiv,ua
39752,"Мамо, я в шапці Яворницького",48.46444,35.0446,3.0,Dnipro,ua
102000,Poke Oke Ірпінь,50.518843,30.212859,3.0,Irpin,ua
109559,Pizza Day 061 вул. Гетьманська,47.905557,33.37502,3.0,Kryvyi Rih,ua
119310,чілміл на Івасюка,50.520203,30.51449,3.0,Kyiv,ua
128919,ChaCha Кропивницький,48.507061,32.242335,3.0,Kropyvnytskyi,ua
139394,Ресто by М'ясомаркет на вул. О. Бідного,49.571983,34.584291,3.0,Poltava,ua
174189,Dono Піца Західнодонбаська,48.497902,35.929328,3.0,Pavlohrad,ua
21506,Poke Oke Федорова,50.427097,30.508818,3.0,Kyiv,ua
34592,BUDUSUSHI просп. Шевченка,46.455082,30.751636,3.0,Odesa,ua
71715,Chick'n'Rice генерала Пушкіна,48.4372,35.03273,3.0,Dnipro,ua
89725,Tasty Greens ЖК Вікінг парк,49.80931,24.06166,3.0,Lviv,ua
173954,Піца-Крила Академіка Янгеля,50.447262,30.453185,4.0,Kyiv,ua
21403,Poke Oke Вацлава Гавела,50.44336,30.41859,3.0,Kyiv,ua
22564,Poke Oke Ревуцького,50.41184,30.64553,3.0,Kyiv,ua
31839,MONOпіца Драгоманова,50.41406,30.636596,4.0,Kyiv,ua
32614,Royal Kebab Пекарська 20,49.837751,24.038156,3.0,Lviv,ua
126045,ВАМ ДОНЕР? вул. Хрещатик,49.445539,32.062464,3.0,Cherkasy,ua
157670,Sushi Master Чарівна,47.839197,35.219416,3.0,Zaporizhia,ua
193699,"""Ваніль"" вул. Соборна 18",48.501049,32.249237,3.0,Kropyvnytskyi,ua
64694,Шаурмішка Соборна,49.234341,28.462251,3.0,Vinnytsia,ua
50935,Streets Броварський пр-т,50.456772,30.614039,9.0,Kyiv,ua
98368,This is Pivbar вул. Тростянецька,50.414636,30.649276,3.0,Kyiv,ua
22483,Poke Oke Урлівська,50.40734,30.61837,3.0,Kyiv,ua
24761,Maranello вул. Тарасівська,49.984041,36.262821,3.0,Kharkiv,ua
36454,Sushi Family Робоча 162К,48.44768,35.00035,3.0,Dnipro,ua
52319,Панда їсть бамбук Урлівська,50.40728,30.61828,9.0,Kyiv,ua
102001,Панда їсть бамбук Ірпінь,50.518843,30.212859,3.0,Irpin,ua
139758,Піца - «Серце» ❤️,50.443885,30.495862,3.0,Kyiv,ua
166304,"Шавєрма, брат вул. Короленка",49.237731,28.507642,3.0,Vinnytsia,ua
48586,Sushi Master Соборна,49.23343,28.467572,3.0,Vinnytsia,ua
57745,WeSushi Васильківська,50.38211,30.47619,3.0,Kyiv,ua
96857,ТЕРІЯКИ ХАУС,50.443621,30.496194,3.0,Kyiv,ua
136126,Рання пташка на Лаврухіна,50.516319,30.602143,3.0,Kyiv,ua
173925,Burgerone Глибочицька,50.462807,30.488402,4.0,Kyiv,ua
48232,Sushi Master просп. Голосіївський,50.403133,30.516669,3.0,Kyiv,ua
48456,Sushi Master Шалімова,50.406852,30.33909,3.0,Kyiv,ua
84059,Chick'n'Rice,50.508585,30.793902,3.0,Brovary,ua
154286,EatSushi Велика Перспективна,48.517766,32.273683,3.0,Kropyvnytskyi,ua
188447,Sushi Master вул. Князів Коріатовичів,48.677934,26.590101,3.0,Kamianets-Podilskyi,ua
192614,Betania вул. Галицький шлях,48.322207,25.905308,3.0,Chernivtsi,ua
193809,Mitte | Княгині Ольги,49.81864,24.0034,3.0,Lviv,ua
109501,Remeslo brewery вул. Почайнинська,50.474099,30.513106,3.0,Kyiv,ua
122167,NUNU гамбургерна на Оболоні,50.51153,30.50248,3.0,Kyiv,ua
58126,Remeslo Brewery Лятошинського,50.378621,30.449153,3.0,Kyiv,ua
59351,WeSushi Бойчука,50.41816,30.54941,3.0,Kyiv,ua
59385,WeSushi Вишневе,50.382449,30.384425,3.0,Kyiv,ua
101346,Сицилія,50.623075,26.251571,3.0,Rivne,ua
119300,чілміл на Максимовича,50.3919,30.46806,3.0,Kyiv,ua
136374,Рання пташка на Максимовича,50.3919,30.46806,3.0,Kyiv,ua
173948,Піца-Крила Велика Васильківська,50.422891,30.5189,4.0,Kyiv,ua
190937,LaRa,49.421482,26.980837,3.0,Khmelnytskyi,ua
20729,The Salad вул. Жилянська,50.443133,30.494885,3.0,Kyiv,ua
27007,Mafia Володимира Мономаха,48.466364,35.045624,3.0,Dnipro,ua
50934,Streets Просп. Червоної Калини,50.508583,30.607073,9.0,Kyiv,ua
103744,Шаурмішка просп. Космонавтів,49.223331,28.419922,3.0,Vinnytsia,ua
154263,EatSushi ТЦ Оазис,50.52319,30.49883,3.0,Kyiv,ua
155200,Remeslo Brewery Космічна,50.015635,36.221147,3.0,Kharkiv,ua
70901,Бендерики Івасюка,50.50914,30.513,3.0,Kyiv,ua
164047,“НЯМ by VARUS.UA” вул. Івана Миколайчука,50.434638,30.606511,3.0,Kyiv,ua
86253,PRIDE,50.44271,30.51965,3.0,Kyiv,ua
103517,Sushi Master вул. Небесної Сотні,48.26153,25.940712,3.0,Chernivtsi,ua
118952,ШАУРМАМА просп. Оболонський,50.512969,30.497274,3.0,Kyiv,ua
154282,EatSushi Чарівна,47.838646,35.218702,3.0,Zaporizhia,ua
169049,Me Gusta,49.224497,28.401383,3.0,Vinnytsia,ua
179058,Рівʼєра,48.01207,33.47508,3.0,Kryvyi Rih,ua
21519,Shanhayskiy kit/Шанхайський Кіт Васильківська,50.39381,30.49071,3.0,Kyiv,ua
136129,Рання пташка на Січових Стрільців,50.4561,30.49682,3.0,Kyiv,ua
154145,Don Peperon Мацієвича,50.42835,30.46,3.0,Kyiv,ua
162760,Cucina della Mamma Урлівська,50.407277,30.619797,3.0,Kyiv,ua
168775,Сімейна піца/ Сімейна  Пекарня вул. Широка,49.841556,23.9702,3.0,Lviv,ua
10177,Lviv Croissants Майдан,50.45112,30.52256,3.0,Kyiv,ua
48540,Sushi Master Тітова,48.429847,35.010677,3.0,Dnipro,ua
70897,Бендерики Ревуцького,50.408825,30.646639,3.0,Kyiv,ua
78560,"Київська шаурма №1 Радужна, 6",50.491859,30.5837,3.0,Kyiv,ua
155737,Київська шаурма №1 Данила Щербаківського 2,50.459456,30.406318,3.0,Kyiv,ua
173052,Salateira Михайла Гришка,50.396049,30.632102,3.0,Kyiv,ua
51929,Вічнозелені Яворницького,48.46434,35.0446,9.0,Dnipro,ua
82751,Nunu Княжий Затон,50.40251,30.62646,3.0,Kyiv,ua
98358,Bella Pizza,50.443905,30.495863,3.0,Kyiv,ua
59397,WeSushi Тітова,48.429847,35.010677,3.0,Dnipro,ua
67247,Pizza Bella Napoli Хрещатик,50.4522,30.526301,3.0,Kyiv,ua
79105,ПІЦА ЗІ СТОЛИЦІ Софіївська Борщагівка,50.42471,30.36631,3.0,Kyiv,ua
173040,Salateira Гната Хоткевича,50.45493,30.63567,3.0,Kyiv,ua
60864,XA food Петра Сагайдачного,50.46246,30.518996,3.0,Kyiv,ua
67249,Pizza Bella Napoli Велика Васильківська,50.431523,30.515631,3.0,Kyiv,ua
68284,Umami Sushi Квітки-Основʼяненка,49.990014,36.231519,3.0,Kharkiv,ua
96859,Смак дому,50.443621,30.496194,3.0,Kyiv,ua
52802,Sushi Family Донецьке шосе,48.510621,34.99139,3.0,Dnipro,ua
71774,Супчик Салатик генерала Пушкіна,48.4372,35.03273,3.0,Dnipro,ua
87605,Tasty Greens Правди,50.503708,30.417168,3.0,Kyiv,ua
98397,Hesburger вул. Здолбунівська,50.41119,30.6064,3.0,Kyiv,ua
32440,Lviv Croissants Смаль-Стоцького,49.834405,23.995041,3.0,Lviv,ua
52454,Панда їсть бамбук Вернадського,50.462541,30.374466,9.0,Kyiv,ua
89540,Київська шаурма №1 вул. Дорогожицька 15,50.469894,30.44506,3.0,Kyiv,ua
91934,Bufet пр-т Героїв Харкова,49.95678,36.36134,3.0,Kharkiv,ua
155221,Remeslo Brewery Ювілейний,49.99699,36.34143,3.0,Kharkiv,ua
195359,BUDUSUSHI Семена Палія,46.584336,30.801123,3.0,Odesa,ua
96604,WeSushi вул. В.Великого,48.92247,24.70141,3.0,Ivano-Frankivsk,ua
25402,Greenbar cafe Миколайчука,50.43508,30.60643,3.0,Kyiv,ua
50951,Streets Миколайчука,50.43508,30.60643,9.0,Kyiv,ua
82770,Хата Багата Костянтинівська,50.465063,30.515156,3.0,Kyiv,ua
96858,Сніданок мріЇ,50.443905,30.495863,3.0,Kyiv,ua
137740,DOMINO’S PIZZA вул. Київська,50.255866,28.659784,10.0,Zhytomyr,ua
173039,Salateira вул.Берковецька,50.49611,30.35855,3.0,Kyiv,ua
39718,"Мамо, я в шапці Васильківська",50.39381,30.49071,3.0,Kyiv,ua
55863,Ma Food Васильківська,50.382659,30.476729,3.0,Kyiv,ua
154162,Don Peperon Марини  Цвєтаєвої,50.52269,30.61042,4.0,Kyiv,ua
154166,Don Peperon Драгоманова,50.413874,30.635723,4.0,Kyiv,ua
173718,ТЕРІЯКИ ХАУС Академіка Янгеля,50.447262,30.453185,4.0,Kyiv,ua
25342,Lviv Croissants ТРЦ Оазис,50.522621,30.498857,3.0,Kyiv,ua
36504,Sushi Family Міхновського,48.526747,35.024658,3.0,Dnipro,ua
48571,Sushi Master Аерокосмічний 43,49.97429,36.257,3.0,Kharkiv,ua
177056,Greek House ТРЦ Respublika  Park,50.3736,30.44639,3.0,Kyiv,ua
195957,KurtosHouse,47.904078,33.342475,3.0,Kryvyi Rih,ua
21962,Shanhayskiy kit/Шанхайський Кіт Просп. Червоної Калини,50.508583,30.607073,3.0,Kyiv,ua
173035,Salateira Проспект Правди,50.50423,30.41542,3.0,Kyiv,ua
192032,Beer House Київське шосе,49.563326,34.505154,3.0,Poltava,ua
196303,Royal Kava,48.463118,35.035796,3.0,Dnipro,ua
51883,Вічнозелені Урлівська,50.40718,30.61814,9.0,Kyiv,ua
154135,EatSushi Борщагівська,50.445227,30.444044,3.0,Kyiv,ua
11261,Євразія Рогнідинська,50.439383,30.520452,3.0,Kyiv,ua
22489,Супчик Салатик Урлівська,50.40741,30.61842,3.0,Kyiv,ua
22565,Shanhayskiy kit/Шанхайський Кіт Ревуцького,50.41167,30.64556,3.0,Kyiv,ua
67366,Umami Sushi Велика Васильківська,50.431523,30.515631,3.0,Kyiv,ua
71798,Шаурма на районі Ващука,49.23263,28.40094,3.0,Vinnytsia,ua
82768,Хата Багата Максимовича,50.393297,30.484114,3.0,Kyiv,ua
82771,Хата Багата Ореста Васкула,50.45744,30.36283,3.0,Kyiv,ua
154223,EatSushi Зарічна,50.392484,30.602854,3.0,Kyiv,ua
127301,Roll Club,50.626057,26.200183,3.0,Rivne,ua
162533,Жуїстика Сільпо Андрія Верхогляда,50.40875,30.54276,3.0,Kyiv,ua
162534,Жуїстика Сільпо Ярославська,50.47106,30.51756,3.0,Kyiv,ua
173605,FIFI,49.233408,28.47393,3.0,Vinnytsia,ua
178756,ПЕРІГ* Нове слово у світі пирогів,50.419163,30.549705,3.0,Kyiv,ua
184525,"""По Кухлю"" вул. Полярна 15",50.518482,30.46283,3.0,Kyiv,ua
51915,Вічнозелені Гавела,50.44342,30.41872,9.0,Kyiv,ua
64159,Hellboy Піца Мацієвича,50.42833,30.4598,4.0,Kyiv,ua
104109,Royal Kebab вул. Академіка Гнатюка,49.841214,24.025965,3.0,Lviv,ua
173027,Salateira Дніпровська Набережна,50.404773,30.612138,3.0,Kyiv,ua
195427,Три мітли,50.37102,30.461503,3.0,Kyiv,ua
86591,Pasta&Pizza Овруцька,50.471341,30.476602,3.0,Kyiv,ua
129745,Жуїстика Сільпо на Позняках,50.417353,30.618376,3.0,Kyiv,ua
148316,Remeslo Brewery вул.Соборна,50.436506,30.357937,3.0,Kyiv,ua
150183,ULOV sushi,49.23078,28.4358,3.0,Vinnytsia,ua
154150,EatSushi вул. Київський шлях,50.352624,30.948578,3.0,Boryspil,ua
154163,EatSushi Вільямса Академіка,50.389816,30.463197,3.0,Kyiv,ua
39745,"Мамо, я в шапці Маршала Левка Лук'яненка",50.512178,30.492153,3.0,Kyiv,ua
96924,Що по Чебурекам Симона Петлюри,50.4438,30.49595,3.0,Kyiv,ua
154179,Don Peperon,51.492,31.30223,4.0,Chernihiv,ua
174859,Сімейна Піца/Сімейна Пекарня вул. Сихівська,49.793916,24.0635,3.0,Lviv,ua
183427,Sushi Master вул. Припортова,49.434564,32.091146,3.0,Cherkasy,ua
98399,Hesburger вул. Київська,50.491742,30.743375,3.0,Brovary,ua
59381,WeSushi Здолбунівська,50.417403,30.618483,3.0,Kyiv,ua
118961,ШАУРМАМА вул. Малиновського Маршала,50.50121,30.49721,3.0,Kyiv,ua
170261,Сімейна піца/ Сімейна  Пекарня вул. Широка 70б,49.842357,23.965413,3.0,Lviv,ua
173970,Обертуни Глибочицька,50.462807,30.488402,4.0,Kyiv,ua
12188,Євразія Григоренка,50.40878,30.62584,3.0,Kyiv,ua
80447,Pesto Cafe Овруцька,50.471349,30.476619,3.0,Kyiv,ua
96860,Золотий чебурек,50.443621,30.496194,3.0,Kyiv,ua
154281,EatSushi Аерокосмічний 43,49.974924,36.256199,3.0,Kharkiv,ua
188448,We Sushi вул. Князів Коріатовичів,48.677934,26.590101,3.0,Kamianets-Podilskyi,ua
59725,DÖNER МАРКЕТ ТРЦ РайON,50.51711,30.60204,3.0,Kyiv,ua
102040,Shanhayskiy kit/Шанхайський Кіт Ірпінь,50.51875,30.212838,3.0,Irpin,ua
154198,EatSushi Тітова,48.429847,35.010677,3.0,Dnipro,ua
157764,Wesushi Берчені,48.626089,22.301026,3.0,Uzhhorod,ua
153571,Тертка,50.44388,30.49598,3.0,Kyiv,ua
160247,"Кулиничі пекарня,піца / Kulinichi pizza,bakery проспект Червоної Калини",49.784886,24.060045,3.0,Lviv,ua
180751,Penne,49.840376,24.031915,3.0,Lviv,ua
84023,Shanhayskiy kit,50.50853,30.79368,3.0,Brovary,ua
86981,Poke Oke генерала Пушкіна,48.43722,35.03283,3.0,Dnipro,ua
109549,Pizza Day 145 вул. Володимира Великого 24В,47.940684,33.413743,3.0,Kryvyi Rih,ua
173062,Salateira вул. Ярославська,50.471341,30.517404,3.0,Kyiv,ua
91839,Bufet пр-т Аерокосмічний,49.94784,36.26103,3.0,Kharkiv,ua
172794,Tooman Delivery 3,49.407089,32.047124,3.0,Cherkasy,ua
184987,Foodie Box,50.39474,30.490774,3.0,Kyiv,ua
51916,Вічнозелені Миколайчука,50.43508,30.60643,9.0,Kyiv,ua
173051,Salateira Майдан Незалежності,50.45096,30.5226,3.0,Kyiv,ua
184281,Big Mama Бессарабка. Ринок  Їжі,50.442737,30.520975,3.0,Kyiv,ua
195293,BUDUSUSHI Фонтанська дорога 124,46.391412,30.74615,3.0,Odesa,ua
154245,EatSushi пр-т Мартинова/Яблунева,50.398835,30.392438,3.0,Kyiv,ua
177065,Greek House ТРК Проспект,50.454734,30.635592,3.0,Kyiv,ua
32099,Poke Oke Яворницького,48.464896,35.044214,3.0,Dnipro,ua
84039,Супчик Салатик,50.508585,30.793902,3.0,Brovary,ua
112345,"ChinaTown вул. Велика Васильківська, 34",50.43805,30.515687,3.0,Kyiv,ua
114063,Хвиля Басейна,50.440289,30.524347,3.0,Kyiv,ua
124728,чілміл на Шептицького,50.456182,30.593805,3.0,Kyiv,ua
130944,1708 Pizza de Napoli,48.512914,32.262057,3.0,Kropyvnytskyi,ua
57189,Бендерики Нижній Вал,50.466162,30.511794,3.0,Kyiv,ua
180244,Oishii SUSHI вулиця Велика Васильківська,50.422891,30.5189,4.0,Kyiv,ua
193652,Porto pub,50.45814,30.48064,3.0,Kyiv,ua
64183,Hellboy Піца Обсерваторна,50.455341,30.502217,4.0,Kyiv,ua
166301,Аджика проспект Коцюбинського 78,49.236301,28.485903,3.0,Vinnytsia,ua
179719,ЗаВарені,49.809569,24.062536,3.0,Lviv,ua
24450,The Doner вул. Жилянська,50.44333,30.495054,3.0,Kyiv,ua
60076,Royal Kebab Степана Бандери,49.834428,24.013533,3.0,Lviv,ua
72450,Roll Club проїзд Крива Липа,49.840549,24.025903,3.0,Lviv,ua
133494,P2P Food,49.996923,36.33977,3.0,Kharkiv,ua
192008,Beer House вул. Юліана Матвійчука,49.583215,34.555428,3.0,Poltava,ua
51922,Вічнозелені Ревуцького,50.41167,30.64549,9.0,Kyiv,ua
134656,AppetitA,48.425535,35.021471,3.0,Dnipro,ua
154186,EatSushi вул. Незалежності,48.528562,35.868518,3.0,Pavlohrad,ua
162770,Cucina della Mamma Левка Лук'яненка,50.512769,30.491576,3.0,Kyiv,ua
62063,Sushi Master Героїв Праці,50.023777,36.336147,3.0,Kharkiv,ua
98641,Tooman Delivery,49.442478,32.065699,3.0,Cherkasy,ua
164054,“НЯМ by VARUS.UA” бул. Вацлава Гавела,50.4435,30.41869,3.0,Kyiv,ua
164077,Pizza Day 126 вул. Магістральна,47.904423,33.458972,3.0,Kryvyi Rih,ua
189433,RAMEN MO,49.842649,24.023962,3.0,Lviv,ua
36456,Sushi Family Титова,48.432374,35.003602,3.0,Dnipro,ua
93354,Remeslo Brewery вул. Урлівська,50.40959,30.62011,3.0,Kyiv,ua
8156,Porter Pub Рогнідинська,50.43993,30.519892,3.0,Kyiv,ua
118945,ШАУРМАМА вул. Сім'ї Сосніних,50.417712,30.392521,3.0,Kyiv,ua
170273,Сімейна піца/ Сімейна Пекарня вул. Івана Пулюя,49.804496,23.987885,3.0,Lviv,ua
34600,BUDUSUSHI Філатова,46.440864,30.710519,3.0,Odesa,ua
159789,Yum Yum Asia Хрещатик,50.443608,30.519683,3.0,Kyiv,ua
167787,Ресто by М'ясомаркет вул. Ковпака,50.94046,34.762273,3.0,Sumy,ua
25407,Shanhayskiy kit/Шанхайський Кіт Миколайчука,50.43508,30.60643,3.0,Kyiv,ua
10759,Lviv Croissants Кірпи,50.438,30.48556,3.0,Kyiv,ua
24314,Барбекю меню від ASAP Тютюнника,50.416785,30.528807,3.0,Kyiv,ua
86249,Пюрешка&Котлетка Велика Васильківська,50.43157,30.51566,3.0,Kyiv,ua
117836,Sushi Master вул. Горького,48.528562,35.868518,3.0,Pavlohrad,ua
128524,БОРЩ УКРАЇНСЬКИЙ \ BORSHCH вул. Макіївська,50.50872,30.453187,3.0,Kyiv,ua
142898,Кафе Національ Макіївська,50.508906,30.45345,3.0,Kyiv,ua
164093,Pizza Day 120 вул. Мусоргського,48.037448,33.480352,3.0,Kryvyi Rih,ua
24960,Барбекю меню від ASAP Васильківська,50.39381,30.49071,3.0,Kyiv,ua
31810,MONOпіца просп. Перемоги,50.45722,30.40955,4.0,Kyiv,ua
48489,Sushi Master Татарська,50.464451,30.486642,3.0,Kyiv,ua
53298,Курча Табака,50.44826,30.525225,3.0,Kyiv,ua
57823,WeSushi Новосілки,50.35316,30.45946,3.0,Kyiv,ua
102002,Greenbar cafe Ірпінь,50.518843,30.212859,3.0,Irpin,ua
159787,Yum Yum Asia Макіївська,50.508906,30.45345,3.0,Kyiv,ua
162787,Cucina della Mamma Васильківська,50.39391,30.4908,3.0,Kyiv,ua
173962,Gyoza&Go Глибочицька,50.462807,30.488402,4.0,Kyiv,ua
193754,Краш кава вул. Краснопільського,51.516374,31.237133,3.0,Chernihiv,ua
15116,Cinnabon Sky Mall,50.49306,30.56063,3.0,Kyiv,ua
154134,EatSushi Клавдіївська,50.477218,30.338933,3.0,Kyiv,ua
173690,Burgerone Академіка Янгеля,50.447262,30.453185,4.0,Kyiv,ua
173966,Смак дому Велика Васильківська,50.422891,30.5189,4.0,Kyiv,ua
193764,Краш кава пр. Миру,51.517702,31.275399,3.0,Chernihiv,ua
15600,Євразія Retroville,50.503296,30.416058,3.0,Kyiv,ua
19627,Chackmag Doner Макіївська,50.50877,30.453118,3.0,Kyiv,ua
164065,“НЯМ by VARUS.UA”  вул. Мечникова,50.518801,30.21295,3.0,Irpin,ua
21408,Chick'n'Rice Вацлава Гавела,50.44349,30.41859,3.0,Kyiv,ua
24964,Барбекю меню від ASAP Софіївська Борщагівка,50.42455,30.36613,3.0,Kyiv,ua
57815,WeSushi ТРЦ Квадрат,50.484883,30.595071,3.0,Kyiv,ua
126046,ВАМ ДОНЕР? бул. Шевченка,49.42127,32.10065,3.0,Cherkasy,ua
153507,"Кулиничі пекарня,піца / Kulinichi pizza,bakery вул. Личаківська",49.83593,24.0712,3.0,Lviv,ua
22487,Shanhayskiy kit/Шанхайський Кіт Урлівська,50.40731,30.61818,3.0,Kyiv,ua
31584,Shanhayskiy kit/Шанхайський Кіт Вернадського,50.462562,30.374459,3.0,Kyiv,ua
32100,Shanhayskiy kit/Шанхайський Кіт Яворницького,48.4644,35.04451,3.0,Dnipro,ua
63695,Аджика,49.22433,28.4108,3.0,Vinnytsia,ua
82763,Хата Багата Жилянська,50.44417,30.49326,3.0,Kyiv,ua
112360,Remeslo brewery вул. Івана Виговського,49.812253,23.977449,3.0,Lviv,ua
142912,Кафе Національ Червоної Калини,50.508583,30.607073,3.0,Kyiv,ua
154161,EatSushi вул. Харківська,50.903329,34.809003,3.0,Sumy,ua
173723,Debi,49.237015,28.490362,3.0,Vinnytsia,ua
193761,Краш кава вул. Володимира Коваленка,51.521287,31.327173,3.0,Chernihiv,ua
15939,Євразія на Нивках,50.45929,30.41019,3.0,Kyiv,ua
89204,Рання пташка на Позняках,50.417353,30.618376,3.0,Kyiv,ua
142903,Кафе Національ Софіївська Борщагівка,50.42467,30.36631,3.0,Kyiv,ua
22558,Greenbar cafe Ревуцького,50.41179,30.64563,3.0,Kyiv,ua
102507,Tasty Greens,50.637,26.28325,3.0,Rivne,ua
193791,Варенична Балувана Галя,50.256513,28.671186,3.0,Zhytomyr,ua
19626,Chackmag Doner Софіївська Борщагівка,50.42439,30.36604,3.0,Kyiv,ua
27005,Mafia Нижньодніпровська,48.52975,35.0298,3.0,Dnipro,ua
31583,Poke Oke Вернадського,50.462562,30.374459,3.0,Kyiv,ua
51103,All Stars by ASAP Васильківська,50.39381,30.49071,9.0,Kyiv,ua
157750,Wesushi Велика Перспективна,48.517979,32.273859,3.0,Kropyvnytskyi,ua
48383,Sushi Master Молодіжна,50.382449,30.384425,3.0,Kyiv,ua
104278,Bratwurst Європейська,48.466667,35.048497,3.0,Dnipro,ua
154290,EatSushi Шалімова,50.40696,30.33902,3.0,Kyiv,ua
56367,Sushi Family пров. Вільний,48.530076,35.016988,3.0,Dnipro,ua
80456,Pesto Cafe Іоанна Павла,50.4215,30.52993,3.0,Kyiv,ua
195634,Black Lavash,48.46482,35.05101,3.0,Dnipro,ua
195649,Папороть вул. Мечникова,50.51896,30.21309,3.0,Irpin,ua
72880,Roll Club Антонова,50.432431,30.450006,3.0,Kyiv,ua
117794,Hellboy вул. Перемоги,50.26558,28.648268,4.0,Zhytomyr,ua
162548,чілміл Ярославська,50.471729,30.518743,3.0,Kyiv,ua
39725,"Мамо, я в шапці Іллєнка",50.466273,30.47425,3.0,Kyiv,ua
89593,Sushi Master вул. Київський шлях,50.352624,30.948578,3.0,Boryspil,ua
117818,MONOпіца вул. Перемоги,50.26558,28.648268,4.0,Zhytomyr,ua
129744,Жуїстика Сільпо вул. Соборна,50.536537,30.232941,3.0,Irpin,ua
155136,Remeslo Brewery Валентинівська 18/6,50.01608,36.330975,3.0,Kharkiv,ua
180428,Сімейна Піца/Сімейна  Пекарня вул. Шота Руставелі,49.833537,24.03505,3.0,Lviv,ua
9779,Cinnabon Гулівер,50.438728,30.523173,3.0,Kyiv,ua
22490,Супчик Салатик Броварський просп.,50.456772,30.614039,3.0,Kyiv,ua
90313,Sushi Nami,49.23077,28.45583,3.0,Vinnytsia,ua
91935,Bufet вул. Сковороди 92,50.00632,36.25065,3.0,Kharkiv,ua
154180,Don Peperon вул. Перемоги,50.26558,28.648268,4.0,Zhytomyr,ua
19625,Chackmag Doner Васильківська,50.393821,30.4908,3.0,Kyiv,ua
39709,"Мамо, я в шапці Урлівська",50.40717,30.61807,3.0,Kyiv,ua
71772,Вічнозелені генерала Пушкіна,48.4372,35.03273,9.0,Dnipro,ua
109550,Pizza Day 178 просп. Поштовий,47.90176,33.3404,3.0,Kryvyi Rih,ua
150858,Remeslo Brewery проспект Юності,49.2218,28.40996,3.0,Vinnytsia,ua
155207,Remeslo Brewery Сергія Гріцевця,49.915285,36.407591,3.0,Kharkiv,ua
39421,DÖNER МАРКЕТ Сім'ї Сосніних,50.417712,30.392521,3.0,Kyiv,ua
52459,Панда їсть бамбук Яворницького,48.46428,35.04454,9.0,Dnipro,ua
79017,ШАВУХА ТОПчик \ SHAVUXA TOP Хрещатик,50.44363,30.52035,3.0,Kyiv,ua
155425,ВАМ ДОНЕР? Тараскова,49.434684,32.006542,3.0,Cherkasy,ua
195466,Корвін Бар,46.48447,30.738583,3.0,Odesa,ua
58524,Remeslo Brewery Бажана 38,50.400265,30.651571,3.0,Kyiv,ua
107955,Суші уші на пр. Університетському,47.909946,33.399644,3.0,Kryvyi Rih,ua
165131,BAZA Street Food на Кульпарківській,49.813523,23.984575,3.0,Lviv,ua
36572,Sushi Family Луговська,48.488735,35.060542,3.0,Dnipro,ua
157656,Sushi Master Велика Перспективна,48.517766,32.273683,3.0,Kropyvnytskyi,ua
8165,Porter Pub Вадима Гетьмана,50.449538,30.443442,3.0,Kyiv,ua
84545,WeSushi Чорновола,50.516153,30.781922,3.0,Brovary,ua
109541,Pizza Day 127 вул. Авраменко,47.937287,33.425409,3.0,Kryvyi Rih,ua
162720,Cucina della Mamma просп. Яворницького,48.46454,35.04471,3.0,Dnipro,ua
164058,“НЯМ by VARUS.UA” вул. Миколи Вінграновського,50.42468,30.36633,3.0,Kyiv,ua
188514,Sushi Master Трудова,49.42592,27.02201,3.0,Khmelnytskyi,ua
157667,Sushi Master Сталеварів,47.846056,35.125517,3.0,Zaporizhia,ua
57857,DÖNER МАРКЕТ Малиновського,50.500904,30.496619,3.0,Kyiv,ua
96606,Sushi Master вул. В.Великого,48.92239,24.70205,3.0,Ivano-Frankivsk,ua
133063,La Storia Restorantino,51.49009,31.30479,3.0,Chernihiv,ua
52458,Панда їсть бамбук Чоколівський б-р,50.432211,30.454389,9.0,Kyiv,ua
76654,Аджика вул 600-річчя,49.22707,28.42692,3.0,Vinnytsia,ua
80287,Перша Пекарня,46.46985,30.73841,3.0,Odesa,ua
98280,Hesburger Шевченка,50.519483,30.242374,3.0,Irpin,ua
109539,"Pizza Day 143 вул. Соборності, 49В",47.900721,33.406143,3.0,Kryvyi Rih,ua
11216,Євразія Дмитрівська,50.44774,30.49388,3.0,Kyiv,ua
31846,MONOпіца просп. Соборності,50.440203,30.620152,4.0,Kyiv,ua
88136,"Remeslo Brewery Гришка, 3",50.396257,30.63304,3.0,Kyiv,ua
127528,Royal Kebab вул. Б. Хмельницького,49.862734,24.052113,3.0,Lviv,ua
160825,Hellboy вул. Шевченка,51.492064,31.302387,3.0,Chernihiv,ua
166314,Аджика проспект Коцюбинського 21,49.239005,28.497613,3.0,Vinnytsia,ua
24304,Greenbar cafe Тютюнника,50.416785,30.528807,3.0,Kyiv,ua
39747,"Мамо, я в шапці Вернадського",50.462541,30.374465,3.0,Kyiv,ua
48454,Sushi Master Харківське шосе,50.4164,30.65901,3.0,Kyiv,ua
64124,Hellboy Піца Гагаріна,48.43926,35.04897,3.0,Dnipro,ua
154098,Той самий Баранчик,49.068826,33.412559,3.0,Kremenchuk,ua
155219,Remeslo Brewery Байрона,49.94396,36.30366,3.0,Kharkiv,ua
159777,Marcello Академіка Павлова,49.985693,36.278116,11.0,Kharkiv,ua
164090,“НЯМ by VARUS.UA” вул. Генерала Пушкіна,48.43729,35.03277,3.0,Dnipro,ua
9778,Cinnabon ТРЦ “Глобус”,50.45081,30.522941,3.0,Kyiv,ua
25992,Lviv Croissants Науки 11,50.016087,36.225492,3.0,Kharkiv,ua
32101,Супчик Салатик Яворницького,48.46442,35.04468,3.0,Dnipro,ua
96855,Oishii SUSHI,50.443621,30.496194,3.0,Kyiv,ua
154279,EatSushi Ладожська,47.88617,35.07204,3.0,Zaporizhia,ua
155206,Remeslo Brewery Салтівське шосе,49.98917,36.350643,3.0,Kharkiv,ua
21400,Shanhayskiy kit/Шанхайський Кіт Вацлава Гавела,50.44333,30.41867,3.0,Kyiv,ua
67251,Pizza Bella Napoli Левка Лукяненка,50.51358,30.49741,3.0,Kyiv,ua
71764,Streets генерала Пушкіна,48.4372,35.03273,9.0,Dnipro,ua
91478,Lviv Croissants вул. Червоної Калини,50.516378,30.618393,3.0,Kyiv,ua
164067,“НЯМ by VARUS.UA” бул. Чоколівський,50.432222,30.454352,3.0,Kyiv,ua
175822,Yoshi вул. Космонавтів,49.224338,28.420708,3.0,Vinnytsia,ua
185201,Жуїстика Сільпо Загорівська,50.47152,30.47898,3.0,Kyiv,ua
195639,Папороть вул. Василя Тютюнника,50.417054,30.52866,3.0,Kyiv,ua
21518,Shanhayskiy kit/Шанхайський Кіт Макіївська,50.50877,30.453118,3.0,Kyiv,ua
91930,Bufet пр-т Архітектора Альошина,49.94291,36.37022,3.0,Kharkiv,ua
101997,Барбекю меню від ASAP Ірпінь,50.518843,30.212859,3.0,Irpin,ua
109496,Remeslo brewery вул. Межева,50.509128,30.433116,3.0,Kyiv,ua
122290,Євразія вул. Університетська,50.50715,30.23244,3.0,Irpin,ua
194812,SHEFF,50.381763,30.459815,3.0,Kyiv,ua
22777,Mafia Квітки-Основ'яненко,49.990014,36.231519,3.0,Kharkiv,ua
35368,MONOпіца Левітана,46.4058,30.71866,3.0,Odesa,ua
52392,Lviv Croissants Угорська,49.81117,24.04325,3.0,Lviv,ua
77554,Royal Kebab Героїв УПА,49.82796,23.99052,3.0,Lviv,ua
84549,Sushi Master Чорновола,50.516207,30.781842,3.0,Brovary,ua
117848,Hellboy просп. Гагаріна,47.908487,33.406346,4.0,Kryvyi Rih,ua
154301,EatSushi Сегедська,46.449993,30.743761,3.0,Odesa,ua
175893,"""Solo shawarma""/ ""Соло шаурма"" ТРЦ Гулівер",50.439349,30.523079,3.0,Kyiv,ua
22521,Poke Oke Іллєнка,50.466273,30.47425,3.0,Kyiv,ua
62652,"Шавєрма, брат",49.225853,28.447449,3.0,Vinnytsia,ua
79106,БОРЩ УКРАЇНСЬКИЙ  \ BORSHCH Хрещатик,50.44373,30.52045,3.0,Kyiv,ua
153466,"Кулиничі пекарня,піца / Kulinichi pizza,bakery вул. Стрийська",49.797395,24.018173,3.0,Lviv,ua
153570,Gyoza&Go,50.443847,30.495952,3.0,Kyiv,ua
154147,EatSushi Героїв Майдану,48.288184,25.934365,3.0,Chernivtsi,ua
157757,Wesushi Сталеварів,47.84606,35.12552,3.0,Zaporizhia,ua
162536,Рання пташка Ярославська,50.471729,30.518743,3.0,Kyiv,ua
76184,Remeslo Brewery Кірпи,50.43744,30.48636,3.0,Kyiv,ua
119312,чілміл на Калнишевського,50.520282,30.465619,3.0,Kyiv,ua
189820,SUSHI VIBE,50.51327,30.49388,3.0,Kyiv,ua
13815,Євразія Смарт Плаза Оболонь,50.512993,30.497429,3.0,Kyiv,ua
48368,Sushi Master Квадрат,50.484883,30.595071,3.0,Kyiv,ua
127000,чілміл на Кільцевій,50.373101,30.443532,3.0,Kyiv,ua
166135,M10,50.908499,34.784025,3.0,Sumy,ua
32098,Chackmag Doner Яворницького,48.46431,35.04455,3.0,Dnipro,ua
48360,Sushi Master Марини Цвєтаєвої,50.52268,30.61055,3.0,Kyiv,ua
51207,All Stars by ASAP Тютюнника,50.41674,30.52883,9.0,Kyiv,ua
84053,Streets,50.508585,30.793902,9.0,Brovary,ua
157229,DONER LAND (Кебаб),49.80637,24.01939,12.0,Lviv,ua
173931,Золотий чебурек Глибочицька,50.462807,30.488402,4.0,Kyiv,ua
194542,Sushi Family вул. Широка,48.518569,34.986775,3.0,Dnipro,ua
10274,Lviv Croissants В. Васильківська 72,50.43245,30.5157,3.0,Kyiv,ua
21525,Greenbar cafe Макіївська,50.50877,30.453118,3.0,Kyiv,ua
59959,Терті пляцки,49.833958,24.014321,3.0,Lviv,ua
65892,Чеза,49.96099,36.32362,3.0,Kharkiv,ua
51101,All Stars by ASAP Федорова,50.427097,30.508818,9.0,Kyiv,ua
118957,ШАУРМАМА вул. Композитора Лятошинського,50.378575,30.449163,3.0,Kyiv,ua
154144,EatSushi Гагаріна,48.449682,35.059933,3.0,Dnipro,ua
154225,EatSushi Здолбунівська,50.417216,30.618644,3.0,Kyiv,ua
164006,Cactus Espresso Bar,50.470817,30.402424,3.0,Kyiv,ua
173930,Золотий чебурек Велика Васильківська,50.422891,30.5189,4.0,Kyiv,ua
22481,Chackmag Doner Урлівська,50.40736,30.61794,3.0,Kyiv,ua
25406,Poke Oke Миколайчука,50.434899,30.606218,3.0,Kyiv,ua
51187,All Stars by ASAP Миколайчука,50.43508,30.60643,9.0,Kyiv,ua
117847,Sushi Master просп. Гагаріна,47.908487,33.406346,3.0,Kryvyi Rih,ua
121700,ВАМ ДОНЕР? просп. Хіміків,49.406152,32.04743,3.0,Cherkasy,ua
167244,Sushi Master Стуса,48.515468,34.574239,3.0,Kamianske,ua
24316,Супчик Салатик Тютюнника,50.416785,30.528807,3.0,Kyiv,ua
154237,EatSushi пр-т Лобановського,50.422677,30.465574,3.0,Kyiv,ua
48501,Sushi Master Пулюя,50.41269,30.46265,3.0,Kyiv,ua
98298,Hesburger Київський Шлях,50.35223,30.94875,3.0,Boryspil,ua
170378,Roll Club вул. Академіка Павлова,50.008904,36.319792,3.0,Kharkiv,ua
180251,Oishii SUSHI вулиця Академіка Янгеля,50.447262,30.453185,4.0,Kyiv,ua
193765,Краш кава вул. Чорновола,51.500058,31.280645,3.0,Chernihiv,ua
34011,Royal Kebab Личаківська,49.839647,24.049776,3.0,Lviv,ua
50932,Streets Урлівська,50.40711,30.61795,9.0,Kyiv,ua
52317,Панда їсть бамбук Федорова,50.427097,30.508818,9.0,Kyiv,ua
173953,Смак дому Академіка Янгеля,50.447262,30.453185,4.0,Kyiv,ua
36503,Sushi Family Малиновського,48.483764,35.06395,3.0,Dnipro,ua
39720,"Мамо, я в шапці Просп. Червоної Калини",50.508583,30.607073,3.0,Kyiv,ua
64464,Шаурмішка Короленка,49.237731,28.507642,3.0,Vinnytsia,ua
80467,Pesto Cafe Інститутська,50.44957,30.526,3.0,Kyiv,ua
157691,Wesushi Шевченка,51.49211,31.30243,3.0,Chernihiv,ua
12139,Євразія Рудницького,50.388777,30.462958,3.0,Kyiv,ua
103990,Lviv Croissants вул. Оленівська,50.474228,30.506027,3.0,Kyiv,ua
160775,Sushi Ushi / Суші Уші  вул.Квітки-Основьяненко,49.989315,36.231667,3.0,Kharkiv,ua
34380,MONOпіца Ніжинська,46.480141,30.731331,3.0,Odesa,ua
36505,Sushi Family Панікахи,48.39421,35.0294,3.0,Dnipro,ua
70306,Фритюрний Рай,50.429633,30.384059,3.0,Kyiv,ua
153462,"Кулиничі пекарня,піца / Kulinichi pizza,bakery вул. Грінченка",49.871441,24.054849,3.0,Lviv,ua
86588,Pasta&Pizza Дніпровська набережна,50.39896,30.61712,3.0,Kyiv,ua
90006,Lviv Croissants вул. Стрийська,49.78693,24.01649,4.0,Lviv,ua
115849,КУМА ШАУРМА Сахарова,46.57854,30.80851,3.0,Odesa,ua
170189,чілміл вул. Загорівська,50.47152,30.47898,3.0,Kyiv,ua
17513,Lviv Croissants Голосіївський,50.40548,30.51675,3.0,Kyiv,ua
25985,Супчик Салатик Левка Лук'яненка,50.512178,30.492153,3.0,Kyiv,ua
34643,Домашній ресторанчик,49.837459,24.031863,3.0,Lviv,ua
50954,Streets Яворницького,48.46434,35.0446,9.0,Dnipro,ua
124897,Японський Привіт,50.451212,30.511753,3.0,Kyiv,ua
67248,Pizza Bella Napoli Бальзака,50.520253,30.606468,3.0,Kyiv,ua
70933,Хінкаль Ревуцького,50.408825,30.646639,3.0,Kyiv,ua
71613,"Київська шаурма №1 пр-т Перемоги, 94",50.45874,30.39936,3.0,Kyiv,ua
115670,Puri Chveni / Пурі Чвені просп. Миру,47.905892,33.381649,3.0,Kryvyi Rih,ua
32428,Taco Taco taqueria,49.84012,24.031812,3.0,Lviv,ua
34602,BUDUSUSHI Сергія Ядова,46.487038,30.684237,3.0,Odesa,ua
52321,Панда їсть бамбук Броварський пр-т,50.456772,30.614039,9.0,Kyiv,ua
149440,Sushi Master Соборності,50.76497,25.36775,3.0,Lutsk,ua
36571,Sushi Family Калинова 14,48.511709,35.075731,3.0,Dnipro,ua
51178,All Stars by ASAP б-р Гавела,50.443335,30.418704,9.0,Kyiv,ua
59376,WeSushi Курбаса,50.43,30.38385,3.0,Kyiv,ua
66991,Tokio Rolls Січових стрільців,50.456208,30.501756,3.0,Kyiv,ua
91932,Bufet вул. 23 серпня,50.03459,36.22294,3.0,Kharkiv,ua
119307,чілміл на Січових Стрільців,50.456123,30.497191,3.0,Kyiv,ua
9777,Cinnabon ТРЦ “Ocean Plaza”,50.412022,30.522052,3.0,Kyiv,ua
46884,Lviv Croissants просп. Космонавтів,49.22584,28.41959,3.0,Vinnytsia,ua
68905,Remeslo Brewery Тростянецька,50.414658,30.645681,3.0,Kyiv,ua
101993,Chackmag Doner Ірпінь,50.518843,30.212859,3.0,Irpin,ua
106460,Рання пташка Борщагівська,50.445575,30.444139,3.0,Kyiv,ua
173706,Тертка Академіка Янгеля,50.447262,30.453185,4.0,Kyiv,ua
22781,Mafia Тракторобудівників,49.995516,36.33968,3.0,Kharkiv,ua
32102,Барбекю меню від ASAP Яворницького,48.46428,35.04448,3.0,Dnipro,ua
46882,Lviv Croissants Соборна,49.232882,28.471897,3.0,Vinnytsia,ua
54095,DÖNER МАРКЕТ пр-т Правди,50.503708,30.417168,3.0,Kyiv,ua
86599,Pasta&Pizza  Шептицького,50.45364,30.598733,3.0,Kyiv,ua
154205,EatSushi Домбровського,50.26729,28.649432,3.0,Zhytomyr,ua
154287,EatSushi Соборна,49.233444,28.467535,3.0,Vinnytsia,ua
159786,Yum Yum Asia Миколайчука,50.434638,30.606511,3.0,Kyiv,ua
31488,Lviv Croissants Перемоги 67,50.45813,30.41014,3.0,Kyiv,ua
103705,"Шаурмішка просп. Коцюбинського, 21",49.23901,28.49766,3.0,Vinnytsia,ua
115848,КУМА ШАУРМА Аркадія,46.43083,30.76127,3.0,Odesa,ua
143583,БОРЩ УКРАЇНСЬКИЙ Івана Миколайчука,50.43516,30.60638,3.0,Kyiv,ua
157672,Sushi Master Шевченка,51.492131,31.302519,3.0,Chernihiv,ua
166284,"Шавєрма, брат проспект Космонавтів",49.22299,28.419482,3.0,Vinnytsia,ua
31836,MONOпіца Машинобудівна,50.449819,30.42057,4.0,Kyiv,ua
94071,Royal Kebab вул. Академіка Лазаренка,49.814407,24.016505,3.0,Lviv,ua
109503,Remeslo brewery вул. Максимовича,50.392689,30.473203,3.0,Kyiv,ua
124896,Тайський Привіт,50.450685,30.502668,3.0,Kyiv,ua
170320,Сімейна піца/ Сімейна  Пекарня вул. Незалежності,51.213074,24.710426,3.0,Kovel,ua
28389,BratWurst Катеринославський бульвар,48.46146,35.0508,3.0,Dnipro,ua
154176,EatSushi Квадрат,50.484883,30.595071,3.0,Kyiv,ua
22518,Greenbar cafe Іллєнка,50.466273,30.47425,3.0,Kyiv,ua
137080,Мама Вдома Тараса Шевченка,50.445671,30.5022,3.0,Kyiv,ua
154140,Don Peperon Обсерваторна,50.455341,30.502217,3.0,Kyiv,ua
24312,Poke Oke Тютюнника,50.416785,30.528807,3.0,Kyiv,ua
44377,Moshe,48.462132,35.04909,7.0,Dnipro,ua
48369,Sushi Master Святошинська 3А,50.45416,30.38856,3.0,Kyiv,ua
55843,YOY,49.227855,28.395508,3.0,Vinnytsia,ua
57704,WeSushi Кірпи,50.43728,30.48597,3.0,Kyiv,ua
57898,WeSushi пр-т Перемоги,50.062661,36.204287,3.0,Kharkiv,ua
72448,Roll Club Наукова,49.804595,23.984671,3.0,Lviv,ua
117839,Sushi Master вул. Європейська,49.578789,34.541376,3.0,Poltava,ua
162767,Cucina della Mamma Іллєнка,50.466238,30.474284,3.0,Kyiv,ua
182116,DÖNER МАРКЕТ вул. Штепівська,50.897546,34.763055,3.0,Sumy,ua
194487,ДОН М'ЯСНИК,46.40771,30.72947,3.0,Odesa,ua
196055,BROOKLYN LAND,48.41478,35.02459,3.0,Dnipro,ua
118943,ШАУРМАМА вул. Миколи Лаврухіна,50.516326,30.60214,3.0,Kyiv,ua
162544,Рання пташка Андрія Верхогляда,50.408658,30.542573,3.0,Kyiv,ua
173726,Тертка Глибочицька,50.462807,30.488402,4.0,Kyiv,ua
34695,Супчик Салатик б-р Чоколівський,50.432211,30.454389,3.0,Kyiv,ua
35059,Lviv Croissants Алмазова,50.43178,30.54394,3.0,Kyiv,ua
57809,WeSushi Гагаріна,48.449689,35.059881,3.0,Dnipro,ua
103974,Bon Chicken на Жуковського,46.480217,30.732803,3.0,Odesa,ua
166280,"Шавєрма, брат проспект Коцюбинського 78",49.236301,28.485903,3.0,Vinnytsia,ua
186519,Pizza Pa Pizza,49.855687,24.024977,3.0,Lviv,ua
48239,Sushi Master ТЦ Оазис,50.522621,30.498857,3.0,Kyiv,ua
55711,1708 Pizza di Napoli Кільцева дорога,50.373684,30.446472,3.0,Kyiv,ua
57838,"WeSushi Святошинська, 3-А",50.45401,30.38876,3.0,Kyiv,ua
69843,1708 Pizza di Napoli Вишневе,50.390473,30.359867,3.0,Kyiv,ua
109534,Pizza Day 158 просп. Гагаріна,47.90777,33.40956,3.0,Kryvyi Rih,ua
146164,BAZA Street Food на Сихівській,49.795135,24.06315,3.0,Lviv,ua
21959,Chick'n'Rice Просп. Червоної Калини,50.508583,30.607073,3.0,Kyiv,ua
109555,"Pizza Day 057 м-н Гірницький, 23Г",47.964463,33.455955,3.0,Kryvyi Rih,ua
194709,Рання пташка Липківського,50.435866,30.490008,3.0,Kyiv,ua
39726,"Мамо, я в шапці Софіївська Борщагівка",50.42462,30.36634,3.0,Kyiv,ua
72445,Roll Club Ярослава Мудрого,48.474814,35.031442,3.0,Dnipro,ua
185206,Рання пташка Загорівська,50.47152,30.47898,3.0,Kyiv,ua
174073,Тертка Велика Васильківська,50.422891,30.5189,4.0,Kyiv,ua
21504,Poke Oke Макіївська,50.50877,30.453118,3.0,Kyiv,ua
37785,Mafia Бальзака,50.520253,30.606468,3.0,Kyiv,ua
48492,Sushi Master Мішуги,50.39754,30.63713,3.0,Kyiv,ua
173973,Обертуни Велика Васильківська,50.422891,30.5189,4.0,Kyiv,ua
194704,Жуїстика Сільпо Липківського,50.435866,30.490007,3.0,Kyiv,ua
52553,Sushi Master пр-т Перемоги,50.06269,36.20433,3.0,Kharkiv,ua
64173,Hellboy Піца Машинобудівна,50.449819,30.42057,4.0,Kyiv,ua
65918,Remeslo Brewery Вільямса,50.388991,30.463409,3.0,Kyiv,ua
25141,Барбекю меню від ASAP Ревуцького,50.411839,30.645642,3.0,Kyiv,ua
25993,Lviv Croissants Сумська 41/2,50.006084,36.236223,3.0,Kharkiv,ua
36975,1708 Pizza di Napoli Федьковича,49.83255,23.99619,3.0,Lviv,ua
129907,FryWay на Шосейній,48.490613,32.207182,3.0,Kropyvnytskyi,ua
154217,EatSushi вул. В.Великого,48.92235,24.70208,3.0,Ivano-Frankivsk,ua
167888,New York Street Pizza,49.235444,28.466884,3.0,Vinnytsia,ua
149409,CRAZY LAND,48.495785,32.219602,3.0,Kropyvnytskyi,ua
154289,EatSushi Гвардійської Дивізії,51.523117,30.751966,3.0,Chernihiv,ua
57799,WeSushi Зарічна,50.3925,30.60351,3.0,Kyiv,ua
64179,Hellboy Піца просп. Соборності,50.440203,30.620152,4.0,Kyiv,ua
96654,Tempo caffe вул. Городоцька,49.830608,23.969505,3.0,Lviv,ua
57785,WeSushi Преображенська,46.478814,30.7315,3.0,Odesa,ua
68283,Pizza Bella Napoli Людвига Свободи,50.05689,36.20472,3.0,Kharkiv,ua
84024,Chackmag Doner,50.508585,30.793902,3.0,Brovary,ua
109502,Remeslo brewery вул. Першотравнева,50.381186,30.381569,3.0,Kyiv,ua
142892,Кафе Національ Пушкіна,48.43734,35.03284,3.0,Dnipro,ua
173043,Salateira вулиця Антоновича,50.41246,30.52215,3.0,Kyiv,ua
173960,Bella Pizza Велика Васильківська,50.422891,30.5189,4.0,Kyiv,ua
34590,BUDUSUSHI Преображенська 52,46.479127,30.732188,3.0,Odesa,ua
56126,Бендерики,50.445592,30.502053,3.0,Kyiv,ua
101996,Супчик Салатик Ірпінь,50.518843,30.212859,3.0,Irpin,ua
173058,Salateira Спортивна Площа,50.4388,30.52327,3.0,Kyiv,ua
154165,EatSushi Петлюри,50.522003,30.802684,3.0,Brovary,ua
171411,Roma Вдома,50.62549,26.19937,3.0,Rivne,ua
176631,Yoshi проспект Юності,49.22663,28.41144,3.0,Vinnytsia,ua
117821,WeSushi вул. Європейська,49.578789,34.541376,3.0,Poltava,ua
162765,Cucina della Mamma Тютюнника,50.417176,30.528553,3.0,Kyiv,ua
67364,Umami Sushi Бальзака,50.52043,30.60648,3.0,Kyiv,ua
72879,Roll Club Драгоманова,50.406862,30.637741,3.0,Kyiv,ua
137072,Рання пташка Ірпінь,50.5366,30.23343,3.0,Irpin,ua
153509,"Кулиничі пекарня,піца / Kulinichi pizza,bakery вул. Шевченка",49.868565,23.952337,3.0,Lviv,ua
154268,EatSushi Пулюя,50.41307,30.46294,3.0,Kyiv,ua
155138,Remeslo Brewery Гвардійців-Широнінців 70,50.031711,36.35815,3.0,Kharkiv,ua
183519,AsiaGo,50.39474,30.490774,3.0,Kyiv,ua
39727,"Мамо, я в шапці Вацлава Гавела",50.443769,30.418719,3.0,Kyiv,ua
48237,Sushi Master Кірпи,50.43752,30.48607,3.0,Kyiv,ua
86600,Pasta&Pizza Іоанна Павла ІІ,50.42149,30.529966,3.0,Kyiv,ua
150894,Royal Kebab Дрогобич,49.35287,23.50869,3.0,Drohobych,ua
154346,EatSushi просп. Голосіївський,50.403027,30.516808,3.0,Kyiv,ua
159780,Marcello Культури,50.01263,36.229563,10.0,Kharkiv,ua
31582,Chackmag Doner Вернадського,50.462562,30.374459,3.0,Kyiv,ua
31812,MONOпіца Сім'ї Сосніних,50.41721,30.39252,4.0,Kyiv,ua
91116,Royal Kebab вул. Стрийська,49.8048,24.01935,3.0,Lviv,ua
92379,Lviv Croissants вул. Хрещатик,49.442527,32.065665,3.0,Cherkasy,ua
154230,EatSushi Мішуги,50.397819,30.638281,3.0,Kyiv,ua
159783,Yum Yum Asia Вінграновського,50.42479,30.36619,3.0,Kyiv,ua
25982,Chackmag Doner Левка Лук'яненка,50.512178,30.492153,3.0,Kyiv,ua
54176,ЧеБурек просп. Леся Курбаса,50.42939,30.38516,3.0,Kyiv,ua
80480,Pesto Cafe Самійла Кішки,50.38435,30.4581,3.0,Kyiv,ua
102506,1708 pizza di Napoli,50.637,26.28325,3.0,Rivne,ua
136121,Рання пташка на Калнишевського,50.519384,30.465645,3.0,Kyiv,ua
55535,Мама Манана площа Ринок,49.842536,24.031236,3.0,Lviv,ua
71768,Shanhayskiy kit/Шанхайський Кіт генерала Пушкіна,48.4372,35.03273,3.0,Dnipro,ua
153483,"Кулиничі пекарня,піца / Kulinichi pizza,bakery вул. Липинського",49.864692,24.050745,3.0,Lviv,ua
154146,EatSushi Чорновола,50.457605,30.48536,3.0,Brovary,ua
195442,DÖNER МАРКЕТ вул. Державності,48.494647,32.203918,3.0,Kropyvnytskyi,ua
21964,Барбекю меню від ASAP Просп. Червоної Калини,50.508583,30.607073,3.0,Kyiv,ua
51122,All Stars by ASAP Броварський проспект,50.457158,30.614218,9.0,Kyiv,ua
51202,All Stars by ASAP Ревуцького,50.41176,30.64546,9.0,Kyiv,ua
143790,IQ Pizza Брюховичі,49.90187,23.94245,3.0,Lviv,ua
48367,Sushi Master Будівельників,50.454799,30.611151,3.0,Kyiv,ua
98398,Hesburger Вишневе,50.3908,30.3696,3.0,Kyiv,ua
119305,чілміл на Київській,50.408445,30.379506,3.0,Kyiv,ua
194575,Mia Sushi,49.450404,27.018353,3.0,Khmelnytskyi,ua
11942,Cinnabon River Mall,50.4051,30.61149,3.0,Kyiv,ua
31815,MONOпіца Мацієвича,50.42844,30.45997,4.0,Kyiv,ua
35357,BUDUSUSHI Фонтанська дорога,46.435022,30.747541,3.0,Odesa,ua
48561,Sushi Master Володимира Великого,49.812486,23.986227,3.0,Lviv,ua
67253,Pizza Bella Napoli Хмельницького,50.446255,30.510547,3.0,Kyiv,ua
142902,Кафе Національ просп. Броварський,50.456772,30.614039,3.0,Kyiv,ua
164052,“НЯМ by VARUS.UA” вул. Урлівська,50.40737,30.61722,3.0,Kyiv,ua
164109,“НЯМ by VARUS.UA” пр. Броварський,50.456772,30.614039,3.0,Kyiv,ua
115665,Пюрешка&Котлетка вул. Оноре де Бальзака,50.520413,30.606445,3.0,Kyiv,ua
154175,EatSushi Бірюкова,50.55041,30.20048,3.0,Irpin,ua
191972,Dono Піца 109 вул. Челюскінців,48.527561,35.844101,3.0,Pavlohrad,ua
51215,All Stars by ASAP Вернадського,50.462541,30.374466,9.0,Kyiv,ua
108830,Sushi San Mani,49.087489,33.428413,3.0,Kremenchuk,ua
163864,Roll Club,49.99161,36.23442,3.0,Kharkiv,ua
176227,Sakartvelo,48.456716,35.068153,3.0,Dnipro,ua
32157,Lviv Croissants Шота Руставелі,49.833537,24.03505,3.0,Lviv,ua
34591,BUDUSUSHI вул. Італійська,46.471247,30.741382,3.0,Odesa,ua
109556,Pizza Day 279 вул. Володимира Великого 51-г,47.945574,33.423794,3.0,Kryvyi Rih,ua
51216,All Stars by ASAP Левка Лук'яненка,50.512178,30.492153,9.0,Kyiv,ua
90068,Валенсія,49.216558,28.491615,3.0,Vinnytsia,ua
187175,Врубай -  доставка шашлику,49.81444,24.07925,3.0,Lviv,ua
24305,Chick'n'Rice Тютюнника,50.416785,30.528807,3.0,Kyiv,ua
52659,Панда їсть бамбук Просп. Червоної Калини,50.508583,30.607073,9.0,Kyiv,ua
67362,"Umami Sushi Хрещатик, 6",50.4522,30.526301,3.0,Kyiv,ua
117840,MONOпіца просп. Гагаріна,47.908487,33.406346,4.0,Kryvyi Rih,ua
142907,Кафе Національ Левка Лук'яненка,50.511824,30.492473,3.0,Kyiv,ua
21409,Супчик Салатик Софіївська Борщагівка,50.42462,30.36627,3.0,Kyiv,ua
91940,Bufet вул. Культури,50.01177,36.22574,3.0,Kharkiv,ua
191348,PROMIN,49.841681,24.024058,3.0,Lviv,ua
193759,Краш кава пр. Миру,51.489565,31.303146,3.0,Chernihiv,ua
57833,WeSushi пр-т Свободи,50.505111,30.43824,3.0,Kyiv,ua
71758,Барбекю меню від ASAP генерала Пушкіна,48.4372,35.03273,3.0,Dnipro,ua
103650,WeSushi вул. Героїв Майдану,48.288169,25.934328,3.0,Chernivtsi,ua
109547,"Pizza Day 157 м-н 5-й Зарічний, 11К",48.001743,33.481861,3.0,Kryvyi Rih,ua
113217,Теплий вул. Лісківська,50.523461,30.60312,3.0,Kyiv,ua
11464,Євразія Яр Вал,50.449732,30.512392,3.0,Kyiv,ua
57834,WeSushi Татарська,50.46417,30.48664,3.0,Kyiv,ua
12195,Євразія Окіпної,50.449512,30.59669,3.0,Kyiv,ua
154155,EatSushi Марини Цвєтаєвої,50.52275,30.61064,3.0,Kyiv,ua
159532,ПІЦА ЗІ СТОЛИЦІ,50.756805,25.346186,3.0,Lutsk,ua
188445,We Sushi Припортова,49.434564,32.091146,3.0,Cherkasy,ua
57841,WeSushi Харківське шосе,50.41652,30.6588,3.0,Kyiv,ua
63931,Lviv Croissants ЖК Вікінг парк,49.809539,24.061578,3.0,Lviv,ua
75478,"Lviv Croissants Хрещатик, 21",50.44572,30.52214,3.0,Kyiv,ua
102048,"Мамо, я в шапці Ірпінь",50.518843,30.212859,3.0,Irpin,ua
172622,Тареля,49.240505,28.428363,3.0,Vinnytsia,ua
173047,Salateira Кільцева Дорога,50.373897,30.447937,3.0,Kyiv,ua
24313,Shanhayskiy kit Тютюнника,50.416785,30.528807,3.0,Kyiv,ua
69666,Євразія Миколайчука,50.43507,30.60641,3.0,Kyiv,ua
154207,EatSushi Київська,49.090874,33.427428,3.0,Kremenchuk,ua
51204,All Stars by ASAP Чоколівський б-р,50.432211,30.454389,9.0,Kyiv,ua
91386,Знаменита шаурма Колібріс,50.429633,30.384059,3.0,Kyiv,ua
98329,Hesburger Павла Полуботка,50.45542,30.61371,3.0,Kyiv,ua
98367,This is Pivbar пл. Контрактова,50.46297,30.51726,3.0,Kyiv,ua
115900,Pizza Day 207 просп. Злуки,49.559537,25.626032,3.0,Ternopil,ua
154232,EatSushi Небесної Сотні,48.261574,25.941248,3.0,Chernivtsi,ua
157648,Sushi Master ТРЦ Голівуд,51.51593,31.30636,3.0,Chernihiv,ua
162719,Cucina della Mamma Ревуцького,50.411803,30.644934,3.0,Kyiv,ua
39746,"Мамо, я в шапці Чоколівський",50.432211,30.454389,3.0,Kyiv,ua
136566,Китайський Привіт на Подолі,50.462997,30.516093,3.0,Kyiv,ua
154216,EatSushi Новосілки,50.35312,30.45996,3.0,Kyiv,ua
22476,Greenbar cafe Броварський просп.,50.456772,30.614039,3.0,Kyiv,ua
57839,WeSushi Машинобудівна,50.449819,30.42057,3.0,Kyiv,ua
64509,QUICK BITE,48.465675,35.051992,3.0,Dnipro,ua
80472,Pesto Cafe Борщагівська,50.445228,30.443299,3.0,Kyiv,ua
172679,Що по чебурекам Велика Васильківська,50.422882,30.518938,4.0,Kyiv,ua
21407,Greenbar cafe Вацлава Гавела,50.44338,30.4186,3.0,Kyiv,ua
25981,Chick'n'Rice Левка Лук'яненка,50.512178,30.492153,3.0,Kyiv,ua
31585,Супчик Салатик Вернадського,50.462562,30.374459,3.0,Kyiv,ua
48238,Sushi Master Здолбунівська,50.417403,30.618483,3.0,Kyiv,ua
57783,WeSushi Володимира Великого,49.812576,23.986376,3.0,Lviv,ua
117444,Жуїстика Сільпо вул. Максимовича,50.39192,30.46809,3.0,Kyiv,ua
117841,WeSushi вул. Харківська,50.903455,34.808722,3.0,Sumy,ua
174858,Сімейна Піца/Сімейна Пекарня вул. Патона,49.822295,23.965273,3.0,Lviv,ua
180345,Лосось та друзі Глибочицька,50.462807,30.488402,4.0,Kyiv,ua
195734,Just pizza,49.855687,24.024977,3.0,Lviv,ua
34604,BUDUSUSHI Степова,46.463259,30.713023,3.0,Odesa,ua
72796,Remeslo Brewery Каховська,50.46246,30.591515,3.0,Kyiv,ua
154276,EatSushi Харківське шосе,50.416548,30.658081,3.0,Kyiv,ua
122169,NUNU Шаурма на Оболоні,50.51162,30.5026,3.0,Kyiv,ua
154160,EatSushi Дорогожицька,50.470675,30.461869,3.0,Kyiv,ua
154177,Don Peperon просп. Соборності,50.440211,30.620234,4.0,Kyiv,ua
154275,EatSushi Володимира Великого,49.812329,23.986928,3.0,Lviv,ua
156700,Royal Kebab / Роял Кебаб Петлюри,49.823458,23.977677,3.0,Lviv,ua
178755,Sushi Master Миколаїв Лазурна,46.947347,31.940799,3.0,Mykolaiv,ua
34060,Celentano Futura,49.811591,23.982993,3.0,Lviv,ua
127547,Remeslo Brewery Миколи Коперника,49.832506,24.018697,3.0,Lviv,ua
155217,Remeslo Brewery Героїв Харкова,49.96678,36.32094,3.0,Kharkiv,ua
173149,Salateira вул. Велика Васильківська,50.43234,30.51487,3.0,Kyiv,ua
64469,"Шаурмішка Коцюбинського, 78",49.236393,28.486788,3.0,Vinnytsia,ua
86594,Pasta&Pizza Лобановського,50.42278,30.46441,3.0,Kyiv,ua
80463,Pesto Cafe Перемоги,50.456555,30.3639,3.0,Kyiv,ua
142899,Кафе Національ Іллєнка,50.466273,30.47425,3.0,Kyiv,ua
157762,Wesushi Чарівна,47.838646,35.218702,3.0,Zaporizhia,ua
84055,"Мамо, я в шапці",50.508585,30.793902,3.0,Brovary,ua
84056,Вічнозелені Бровари,50.508585,30.793902,9.0,Brovary,ua
98377,Лосось та друзі Симона Петлюри,50.443621,30.496194,3.0,Kyiv,ua
109538,Pizza Day 243 вул. Соборності,47.899615,33.424116,3.0,Kryvyi Rih,ua
154137,EatSushi вул. Шевченка,50.51877,30.242436,3.0,Irpin,ua
155741,"Lviv Croissants вул. Стрийська, 45",49.804762,24.019456,3.0,Lviv,ua
64175,Hellboy Піца Родини Крістерів,50.501727,30.421966,4.0,Kyiv,ua
68123,Pizza Bella Napoli Нижньодніпровська,48.529587,35.030897,3.0,Dnipro,ua
115054,Жуїстика Сільпо на Івасюка,50.52019,30.514239,3.0,Kyiv,ua
173958,Bella Pizza Академіка Янгеля,50.447262,30.453185,4.0,Kyiv,ua
25830,Maranello Тракторобудівників,49.99613,36.34014,3.0,Kharkiv,ua
51149,All Stars by ASAP Просп. Червоної Калини,50.508583,30.607073,9.0,Kyiv,ua
109533,Pizza Day 112 вул. Космонавтів,47.93992,33.42609,3.0,Kryvyi Rih,ua
166277,"Шавєрма, брат вул. 600-річчя",49.226799,28.429193,3.0,Vinnytsia,ua
34696,Барбекю меню від ASAP б-р Чоколівський,50.432211,30.454389,3.0,Kyiv,ua
41221,Lviv Croissants Вишневе,50.38983,30.36727,3.0,Kyiv,ua
48490,Sushi Master Курбаса,50.430264,30.38424,3.0,Kyiv,ua
62059,WeSushi Героїв Праці,50.023777,36.336147,3.0,Kharkiv,ua
80461,Pesto Cafe Русанівська набережна,50.43663,30.59286,3.0,Kyiv,ua
98372,This is Pivbar бул. Лесі Українки,50.42723,30.53784,3.0,Kyiv,ua
139106,Ma Food ЖК Республіка,50.371195,30.448635,3.0,Kyiv,ua
39721,"Мамо, я в шапці Макіївська",50.50864,30.45328,3.0,Kyiv,ua
71759,Greenbar cafe генерала Пушкіна,48.4372,35.03273,3.0,Dnipro,ua
115855,КУМА ШАУРМА Центр,46.481541,30.734706,3.0,Odesa,ua
142889,Кафе Національ Академіка Вернадського,50.462775,30.374367,3.0,Kyiv,ua
153440,"Кулиничі пекарня,піца / Kulinichi pizza,bakery вул. Богоявленська",50.63072,26.270542,3.0,Rivne,ua
21960,Chackmag Doner Просп. Червоної Калини,50.508583,30.607073,3.0,Kyiv,ua
22475,Greenbar cafe Урлівська,50.40736,30.61828,3.0,Kyiv,ua
154273,EatSushi Сім'ї Сосніних,50.417096,30.391764,3.0,Kyiv,ua
162716,Cucina della Mamma Макіївська,50.508906,30.45345,3.0,Kyiv,ua
22488,Shanhayskiy kit/Шанхайський Кіт Броварський просп.,50.456772,30.614039,3.0,Kyiv,ua
57711,WeSushi Сверстюка,50.447454,30.602161,3.0,Kyiv,ua
173692,Пообідай вул. Георгія Кірпи,50.43832,30.48767,3.0,Kyiv,ua
21522,Greenbar cafe Федорова,50.427097,30.508818,3.0,Kyiv,ua
22899,1708 Pizza di Napoli Ретровіль,50.50436,30.41546,3.0,Kyiv,ua
35355,BUDUSUSHI Люстдорфська дорога,46.43502,30.72672,3.0,Odesa,ua
37403,MARINAD MEAT BAR,49.837895,24.058701,3.0,Lviv,ua
103835,Мама Вдома Георгія Кірпи,50.437828,30.485888,3.0,Kyiv,ua
154170,Don Peperon Машинобудівна,50.44963,30.421409,4.0,Kyiv,ua
139390,Ресто by М'ясомаркет вул. О. Оксанченка,49.565099,34.519327,3.0,Poltava,ua
25012,Lviv Croissants Сумська 17,49.996889,36.232922,3.0,Kharkiv,ua
57788,WeSushi Сегедська,46.449994,30.743779,3.0,Odesa,ua
62205,Royal Kebab Шевченка,49.844789,24.008515,3.0,Lviv,ua
142718,Remeslo brewery вул.Городоцька,49.839152,24.008918,3.0,Lviv,ua
159764,Yum Yum Asia,50.756805,25.346186,3.0,Lutsk,ua
194696,"CHILL TIME вул. Івана  Богуна, 27",49.239828,28.463039,3.0,Vinnytsia,ua
17533,Євразія Червоної Калини 5в,50.49857,30.58943,3.0,Kyiv,ua
32160,Lviv Croissants Князя Романа,49.838145,24.032382,3.0,Lviv,ua
48361,Sushi Master Зарічна,50.392477,30.603519,3.0,Kyiv,ua
61377,Казбек Васильківська 100А,50.382122,30.476057,3.0,Kyiv,ua
104405,Royal Kebab вул. Чорновола,49.855657,24.024951,3.0,Lviv,ua
154288,EatSushi Леваневського,49.785486,30.159471,3.0,Bila Tserkva,ua
8161,Porter Pub Костянтинівська,50.465063,30.515156,3.0,Kyiv,ua
21412,Супчик Салатик Васильківська,50.39381,30.49071,3.0,Kyiv,ua
89198,чілміл на Позняках,50.417353,30.618376,3.0,Kyiv,ua
102050,Streets Ірпінь,50.518843,30.212859,3.0,Irpin,ua
136376,Рання пташка Кільцева дорога,50.373101,30.443532,3.0,Kyiv,ua
153504,Галицька перепічка вул. Володимира Великого,49.81117,23.991131,3.0,Lviv,ua
193758,Краш кава вул. Шевченка,51.52523,31.328369,3.0,Chernihiv,ua
24958,Барбекю меню від ASAP Федорова,50.427097,30.508818,3.0,Kyiv,ua
31842,MONOпіца Родини Крістерів,50.501484,30.421706,4.0,Kyiv,ua
80475,Pesto Cafe Берковецька,50.495448,30.3588,3.0,Kyiv,ua
81882,ISHI SUSHI Єлизавети Чавдар,50.39127,30.62595,3.0,Kyiv,ua
84540,WeSushi Петлюри,50.522024,30.802671,3.0,Brovary,ua
125715,чілміл на Соборній,50.536589,30.233093,3.0,Irpin,ua
154224,EatSushi Червоної Калини,50.50243,30.59181,3.0,Kyiv,ua
170260,Сімейна піца/ Сімейна  Пекарня вул. П. Орлика,49.356887,23.512343,3.0,Drohobych,ua
31653,MONOпіца просп. Гагаріна,48.43927,35.04895,3.0,Dnipro,ua
50937,Streets Софіївська Борщагівка,50.42439,30.36604,9.0,Kyiv,ua
66231,"Київська шаурма №1 Голего, 5",50.44022,30.4426,3.0,Kyiv,ua
121221,ХА Харків фуд,49.582301,34.559444,3.0,Poltava,ua
154141,EatSushi Львівська,50.43356,30.31892,3.0,Kyiv,ua
48502,Sushi Master Борщагівська,50.445227,30.444044,3.0,Kyiv,ua
64172,Hellboy Піца просп. Перемоги,50.457114,30.409498,4.0,Kyiv,ua
182529,Lviv Croissants Під Дубом,49.849194,24.021967,3.0,Lviv,ua
21523,Greenbar cafe Софіївська Борщагівка,50.42445,30.36582,3.0,Kyiv,ua
32095,Greenbar cafe Яворницького,48.46428,35.04452,3.0,Dnipro,ua
89597,Sushi Master вул. Бірюкова,50.55043,30.20078,3.0,Irpin,ua
91942,Bufet вул. Сумська,50.00604,36.2361,3.0,Kharkiv,ua
115058,Жуїстика Сільпо на Київській,50.408535,30.379728,3.0,Kyiv,ua
119324,Пивотека 2020,50.436821,30.407341,3.0,Kyiv,ua
26545,Sushi San Єлизавети Чавдар,50.391317,30.625545,3.0,Kyiv,ua
40270,Big Mama Бессарабська площа,50.442597,30.521817,3.0,Kyiv,ua
72443,Roll Club Французький бульвар,49.990592,36.28987,3.0,Kharkiv,ua
144555,Ресто by М'ясомаркет / Resto by Myasomarket вул. Небесної Сотні,49.576772,34.579668,3.0,Poltava,ua
157668,Шавуха street food вул. Смілянська,49.44033,32.06447,9.0,Cherkasy,ua
40300,DÖNER МАРКЕТ Аладдін,50.396266,30.632127,3.0,Kyiv,ua
64465,Шаурмішка 600-річчя,49.22682,28.42749,3.0,Vinnytsia,ua
89203,Рання пташка на Нивках,50.45879,30.39887,3.0,Kyiv,ua
136362,Рання пташка на Митрополита Шептицького,50.45685,30.5937,3.0,Kyiv,ua
21534,Greenbar cafe Васильківська,50.39381,30.49071,3.0,Kyiv,ua
25983,Poke Oke Левка Лук'яненка,50.512178,30.492153,3.0,Kyiv,ua
48494,Sushi Master Сім'ї Сосніних,50.41709,30.39185,3.0,Kyiv,ua
127005,чілміл на Березневій,50.430201,30.619126,3.0,Kyiv,ua
172685,Що по чебурекам Академіка Янгеля,50.447046,30.453069,4.0,Kyiv,ua
191542,Гастрокафе Плітки,50.42668,30.38189,3.0,Kyiv,ua
11222,Євразія Велика Васильківська,50.42947,30.51575,3.0,Kyiv,ua
24556,Lviv Croissants Науки 38,50.02252,36.22457,3.0,Kharkiv,ua
27008,Casta Володимира Мономаха,48.466134,35.044806,3.0,Dnipro,ua
50948,Streets Тютюнника,50.416785,30.528807,9.0,Kyiv,ua
124457,Burrito Bonito,50.512883,30.496613,3.0,Kyiv,ua
21961,Poke Oke Просп. Червоної Калини,50.508583,30.607073,3.0,Kyiv,ua
22480,Chick'n'Rice Броварський просп.,50.456772,30.614039,3.0,Kyiv,ua
39710,"Мамо, я в шапці Федорова",50.427097,30.508818,3.0,Kyiv,ua
60861,XA food Русанівська набережна,50.435334,30.592655,3.0,Kyiv,ua
96652,Tempo caffe вул. Пекарська,49.837145,24.043805,3.0,Lviv,ua
103648,Sushi Master Героїв Майдану,48.288169,25.934336,3.0,Chernivtsi,ua
20854,Grandfish Січових стрільців,50.456208,30.501756,3.0,Kyiv,ua
21957,Greenbar cafe Просп. Червоної Калини,50.508583,30.607073,3.0,Kyiv,ua
22479,Chick'n'Rice Урлівська,50.40723,30.61821,3.0,Kyiv,ua
114060,Десятка,48.920087,24.711792,3.0,Ivano-Frankivsk,ua
167264,WeSushi Стуса,48.515468,34.574239,3.0,Kamianske,ua
21298,Chackmag Doner Вацлава Гавела,50.44336,30.41872,3.0,Kyiv,ua
71630,BUDUSUSHI Говорова,46.447167,30.748318,3.0,Odesa,ua
91332,Шавуха Team вул. Припортова,49.433866,32.090462,9.0,Cherkasy,ua
157685,Wesushi Леваневського,49.785568,30.158808,3.0,Bila Tserkva,ua
177071,Greek House ТРЦ Piramida,50.397819,30.638281,3.0,Kyiv,ua
21501,Chick'n'Rice Софіївська Борщагівка,50.42457,30.3664,3.0,Kyiv,ua
22170,Мама Гочі,50.44826,30.525225,3.0,Kyiv,ua
32153,Lviv Croissants Кульпарківська 226А,49.8076,23.97849,3.0,Lviv,ua
48240,Sushi Master Сверстюка 4/1,50.44752,30.60258,3.0,Kyiv,ua
73618,Суші-бар Сусіди Людвіга Свободи,50.05199,36.20507,3.0,Kharkiv,ua
80726,Remeslo Brewery Перемоги,50.45645,30.40881,3.0,Kyiv,ua
117843,Sushi Master вул. Харківська,50.903455,34.808722,3.0,Sumy,ua
142908,Кафе Національ Миколайчука,50.43509,30.60632,3.0,Kyiv,ua
154154,Don Peperon просп. Гагаріна,48.439929,35.049256,3.0,Dnipro,ua
170048,Китайський привіт,49.838316,24.030026,3.0,Lviv,ua
52169,Євразія Вишневе,50.389618,30.367881,3.0,Kyiv,ua
68050,Remeslo Brewery Березнева,50.43125,30.62065,3.0,Kyiv,ua
191536,CODE/KOД,49.838331,24.032343,3.0,Lviv,ua
139108,ДжонДжолі ЖК Республіка,50.371195,30.448635,3.0,Kyiv,ua
48514,Sushi Master пр-т Науки,50.375434,30.53945,3.0,Kyiv,ua
52312,Панда їсть бамбук Макіївська,50.50869,30.45326,9.0,Kyiv,ua
53645,Porter Pub Максимовича,50.393297,30.484114,3.0,Kyiv,ua
82766,Хата Багата Гетьмана,50.44952,30.4434,3.0,Kyiv,ua
66395,Tasty Greens,49.86946,24.01203,3.0,Lviv,ua
67367,Umami Sushi Хмельницького,50.446255,30.510547,3.0,Kyiv,ua
113554,Pesto Cafe Respublika,50.37227,30.44395,3.0,Kyiv,ua
118944,ШАУРМАМА вул. Лугова,50.50435,30.47276,3.0,Kyiv,ua
154136,Don Peperon просп. Перемоги/Берестейський,50.45685,30.40874,3.0,Kyiv,ua
192682,Sushi Red fish,48.420656,35.061766,3.0,Dnipro,ua
22519,Chick'n'Rice Іллєнка,50.466273,30.47425,3.0,Kyiv,ua
57842,WeSushi Шалімова,50.406833,30.339078,3.0,Kyiv,ua
64229,Казбек площа Ринок,49.842536,24.031236,3.0,Lviv,ua
117844,WeSushi просп. Гагаріна,47.908487,33.406346,3.0,Kryvyi Rih,ua
133598,Pizza Day вул. Львівська,49.551786,25.565375,3.0,Ternopil,ua
177094,Greek House ТРЦ Smart  Plaza,50.451359,30.46804,3.0,Kyiv,ua
177104,Greek House ТРЦ Sky Mall,50.49295,30.56106,3.0,Kyiv,ua
80478,Pesto Cafe Шептицького,50.453247,30.598252,3.0,Kyiv,ua
163180,Закрутили&Накормили,49.22307,28.442614,3.0,Vinnytsia,ua
24311,Chackmag Doner Тютюнника,50.416785,30.528807,3.0,Kyiv,ua
54035,Coffee Lab Угорська,49.809032,24.045753,3.0,Lviv,ua
57851,WeSushi Аерокосмічний проспект,49.97433,36.25685,3.0,Kharkiv,ua
91841,Bufet вул. Валентинівська,50.01742,36.33043,3.0,Kharkiv,ua
150856,Remeslo Brewery Героїв УПА,49.833764,24.001822,3.0,Lviv,ua
179709,Кав'ярня Vape Story,50.416106,30.459638,3.0,Kyiv,ua
48236,Sushi Master Червоної Калини,50.50243,30.59181,3.0,Kyiv,ua
78983,Вай Ме Ревуцького,50.40873,30.64625,3.0,Kyiv,ua
154244,EatSushi Будівельників,50.454799,30.611151,3.0,Kyiv,ua
154278,EatSushi Сталеварів,47.84606,35.12552,3.0,Zaporizhia,ua
71760,Chackmag Doner генерала Пушкіна,48.43729,35.0328,3.0,Dnipro,ua
82797,Обіди та бургери від еНка кафе / Obidy ta burhery vid eNka cafe,49.83717,24.04535,15.0,Lviv,ua
84058,Poke Oke,50.508585,30.793902,3.0,Brovary,ua
149037,Мамина котлетка Левка Лукʼяненка,50.51348,30.49473,3.0,Kyiv,ua
154172,Don Peperon просп. Гагаріна,47.908487,33.406346,4.0,Kryvyi Rih,ua
50927,Streets Федорова,50.427097,30.508818,9.0,Kyiv,ua
80452,Pesto Cafe Івасюка,50.50858,30.50647,3.0,Kyiv,ua
91842,Bufet пров. Костюринський,49.98787,36.23399,3.0,Kharkiv,ua
103829,Мама Вдома площа Ринок,49.842532,24.031242,3.0,Lviv,ua
116749,PARRILLA,49.809325,24.063508,3.0,Lviv,ua
57816,WeSushi Будівельників,50.4548,30.61115,3.0,Kyiv,ua
174022,Сніданок мріЇ Академіка Янгеля,50.447262,30.453185,4.0,Kyiv,ua
193484,Red Monkey,50.619004,26.248489,3.0,Rivne,ua
34683,Lviv Croissants Героїв УПА 73,49.82825,23.99057,3.0,Lviv,ua
137889,Ресто by М'ясомаркет Петропавлівська,50.901358,34.789597,3.0,Sumy,ua
155215,Remeslo Brewery Донецький,49.98178,36.243,3.0,Kharkiv,ua
195286,BUDUSUSHI Ак. Корольова,46.390403,30.722855,3.0,Odesa,ua
21517,Shanhayskiy kit/Шанхайський Кіт Софіївська Борщагівка,50.42454,30.3664,3.0,Kyiv,ua
21956,Lviv Croissants Січових Стрільців,50.46072,30.48416,3.0,Kyiv,ua
40663,DÖNER МАРКЕТ Лугова,50.50421,30.47194,3.0,Kyiv,ua
91944,Bufet вул. Полтавський шлях,49.98555,36.18958,3.0,Kharkiv,ua
155137,Remeslo Brewery Гвардійців-Широнінців 33,50.005065,36.331134,3.0,Kharkiv,ua
9646,Mafia Б.Хмельницького,50.446255,30.510547,3.0,Kyiv,ua
80450,Pesto Cafe Глушкова,50.368104,30.457723,3.0,Kyiv,ua
148778,Food.prom Сумська,50.005372,36.235773,3.0,Kharkiv,ua
188511,Sushi Master Старокостянтинівське шосе,49.4515,27.01317,3.0,Khmelnytskyi,ua
194595,Кафе Мамина Хустка,50.448475,30.516337,3.0,Kyiv,ua
195458,BUDUSUSHI вул. Ак. Заболотного,46.577268,30.797744,3.0,Odesa,ua
84029,All Stars by ASAP,50.508585,30.793902,9.0,Brovary,ua
162715,Cucina della Mamma просп. Червоної Калини,50.508635,30.607248,3.0,Kyiv,ua
182111,AMVAM Delivery Сумгаїтська,49.4308,32.01209,3.0,Cherkasy,ua
22482,Chackmag Doner Броварський просп.,50.45704,30.61426,3.0,Kyiv,ua
37751,DÖNER МАРКЕТ Сверстюка,50.44765,30.60225,3.0,Kyiv,ua
39743,"Мамо, я в шапці Тютюнника",50.416785,30.528807,3.0,Kyiv,ua
40271,Big Mama Борщагівська,50.445278,30.446487,3.0,Kyiv,ua
57790,WeSushi Соборна,49.23343,28.467572,3.0,Vinnytsia,ua
79019,ШАВУХА ТОПчик \ SHAVUXA TOP Софіївська Борщагівка,50.42454,30.36623,3.0,Kyiv,ua
118956,"ШАУРМАМА бул. Дружби народів, 30а",50.417823,30.545033,3.0,Kyiv,ua
142915,Кафе Національ Ірпінь,50.51875,30.212838,3.0,Irpin,ua
153484,"Кулиничі пекарня,піца / Kulinichi pizza,bakery вул. Гетьмана Мазепи",49.871002,24.032506,3.0,Lviv,ua
154256,EatSushi Полярна,50.5171,30.46392,3.0,Kyiv,ua
157660,Закрутили&Накормили,49.232284,28.401192,3.0,Vinnytsia,ua
92477,Суші-бар Інь-Янь,49.2195,28.44718,3.0,Vinnytsia,ua
109531,Pizza Day 129 Кривий Ріг м-н Сонячний 60/1,47.95671,33.45456,3.0,Kryvyi Rih,ua
150186,Maestro pizza,49.23085,28.435461,3.0,Vinnytsia,ua
80471,"Pesto Cafe Бандери, 23",50.48978,30.49479,3.0,Kyiv,ua
117666,Remeslo brewery Голосіївська,50.401939,30.521942,3.0,Kyiv,ua
85992,Home Coffee,50.40307,30.6238,3.0,Kyiv,ua
86607,Mister Twister Глушкова,50.367987,30.45708,3.0,Kyiv,ua
87453,Tasty Greens Кільцева  дорога,50.373058,30.444568,3.0,Kyiv,ua
21963,Супчик Салатик Просп. Червоної Калини,50.508583,30.607073,3.0,Kyiv,ua
24961,Барбекю меню від ASAP Броварський проспект,50.456772,30.614039,3.0,Kyiv,ua
34694,Shanhayskiy kit/Шанхайський Кіт б-р Чоколівський,50.432211,30.454389,3.0,Kyiv,ua
51180,All Stars by ASAP Іллєнка,50.466273,30.47425,9.0,Kyiv,ua
61429,Казбек Нижній Вал,50.466162,30.511794,3.0,Kyiv,ua
137888,Ресто by М'ясомаркет вул. Революція Гідності,50.92093,34.801985,3.0,Sumy,ua
31579,Greenbar cafe Вернадського,50.462562,30.374459,3.0,Kyiv,ua
61255,DÖNER МАРКЕТ Виставковий Центр,50.381599,30.47667,3.0,Kyiv,ua
80449,Pesto Cafe Лобановського,50.42286,30.46446,3.0,Kyiv,ua
101991,All Stars by ASAP Ірпінь,50.51875,30.212838,3.0,Irpin,ua
118950,ШАУРМАМА вул. Васильківська,50.382122,30.476057,3.0,Kyiv,ua
133422,DÖNER МАРКЕТ вул. Ковпака,50.939995,34.762808,3.0,Sumy,ua
193756,Краш кава пр. Миру,51.49847,31.289258,3.0,Chernihiv,ua
51880,Вічнозелені Левка Лук'яненка,50.512178,30.492153,9.0,Kyiv,ua
80458,Pesto Cafe Гришка,50.39594,30.63239,3.0,Kyiv,ua
136378,Рання пташка на Березневій,50.42958,30.61967,3.0,Kyiv,ua
70005,Япі острів суші Futura,49.811384,23.982544,3.0,Lviv,ua
72444,Roll Club Армійська,46.44809,30.745494,3.0,Odesa,ua
118954,ШАУРМАМА просп. Правди,50.503708,30.417168,3.0,Kyiv,ua
125904,XA food просп. Бажана Миколи,50.39856,30.633422,3.0,Kyiv,ua
164064,“НЯМ by VARUS.UA” просп. Червоної Калини,50.508635,30.607248,3.0,Kyiv,ua
177074,Greek House ТРЦ Retroville,50.503532,30.416065,3.0,Kyiv,ua
24963,Барбекю меню від ASAP Гавела,50.44346,30.41875,3.0,Kyiv,ua
48448,Sushi Master Львівська,50.43367,30.31916,3.0,Kyiv,ua
51911,Вічнозелені Чоколівський б-р,50.432211,30.454389,9.0,Kyiv,ua
118951,ШАУРМАМА вул. Євгена Сверстюка,50.447444,30.602121,3.0,Kyiv,ua
124032,NUNU гамбургерна Тростянецька,50.41471,30.64931,3.0,Kyiv,ua
135222,ДАХ,49.84124,24.03229,3.0,Lviv,ua
22560,Chick'n'Rice Ревуцького,50.41176,30.64546,3.0,Kyiv,ua
32097,Chick'n'Rice Яворницького,48.46429,35.04461,3.0,Dnipro,ua
48459,Sushi Master пр-т Мартинова,50.398736,30.392384,3.0,Kyiv,ua
64460,Шаурмішка Пирогова,49.22583,28.44749,3.0,Vinnytsia,ua
149436,Sushi Master Винниченка,50.74936,25.32896,3.0,Lutsk,ua
154169,EatSushi Машинобудівна,50.44963,30.421384,3.0,Kyiv,ua
166457,Dono Піца Центральна,48.536173,35.868717,3.0,Pavlohrad,ua
22566,Супчик Салатик Ревуцького,50.4118,30.64564,3.0,Kyiv,ua
48359,Sushi Master пр-т Перемоги 67Д,50.4574,30.40927,3.0,Kyiv,ua
57811,WeSushi Панікахи,48.39613,35.02738,4.5,Dnipro,ua
59426,WeSushi просп. Голосіївський,50.403133,30.516669,3.0,Kyiv,ua
10211,Lviv Croissants Липківського,50.431882,30.474087,3.0,Kyiv,ua
34879,MONOпіца Обсерваторна,50.455341,30.502217,4.0,Kyiv,ua
48362,Sushi Master Полярна,50.517043,30.463801,3.0,Kyiv,ua
57919,Cheese Combo Only,50.429633,30.384059,3.0,Kyiv,ua
77989,Євразія ТРЦ Республіка,50.373525,30.446741,3.0,Kyiv,ua
162717,Cucina della Mamma Академіка Вернадського,50.462775,30.374367,3.0,Kyiv,ua
173708,Burgerone Велика Васильківська,50.422891,30.5189,4.0,Kyiv,ua
19624,Chackmag Doner Федорова,50.4271,30.5089,3.0,Kyiv,ua
50930,Streets Васильківська,50.39381,30.49071,9.0,Kyiv,ua
52449,Панда їсть бамбук Софіївська Борщагівка,50.42453,30.36623,9.0,Kyiv,ua
142901,Кафе Національ бул. Вацлава Гавела,50.44506,30.41712,3.0,Kyiv,ua
193827,Sous Cafe,50.51939,30.80275,3.0,Brovary,ua
32225,Lviv Croissants Червоної Калини 42А,49.79812,24.049151,3.0,Lviv,ua
39744,"Мамо, я в шапці Миколайчука",50.43508,30.60643,3.0,Kyiv,ua
67256,Pizza Bella Napoli Берестейський,50.45678,30.365418,3.0,Kyiv,ua
72447,Roll Club Аржанова,48.50159,35.07067,3.0,Dnipro,ua
127009,Жуїстика Сільпо на Кільцевій,50.373102,30.443541,3.0,Kyiv,ua
132247,DÖNER МАРКЕТ просп. Перемоги,50.942309,34.778538,3.0,Sumy,ua
93769,Sushi Profi вулиця Героїв Дніпра,50.518241,30.491271,3.0,Kyiv,ua
164049,“НЯМ by VARUS.UA” вул. Левка Лук'яненка,50.512769,30.491576,3.0,Kyiv,ua
81873,Пюрешка&Котлетка Богдана Хмельницького,50.4463,30.51056,3.0,Kyiv,ua
142909,Кафе Національ Федорова,50.42713,30.50884,3.0,Kyiv,ua
64127,Hellboy Піца Ніжинська,46.480141,30.731331,3.0,Odesa,ua
162788,Cucina della Mamma бул. Чоколівський,50.432222,30.454352,3.0,Kyiv,ua
173961,Bella Pizza Глибочицька,50.462807,30.488402,4.0,Kyiv,ua
30670,Cinnabon Retroville,50.50397,30.41558,3.0,Kyiv,ua
35356,BUDUSUSHI Небесної Сотні,46.406179,30.711601,3.0,Odesa,ua
52318,Панда їсть бамбук Васильківська,50.39381,30.49071,9.0,Kyiv,ua
142911,Кафе Національ бул. Чоколівський,50.432222,30.454352,3.0,Kyiv,ua
193833,Краш кава вул. Полуботка,50.453447,30.610024,3.0,Chernihiv,ua
58414,DÖNER МАРКЕТ Академ Сіті,50.4595,30.35781,3.0,Kyiv,ua
61303,1708 Pizza di Napoli Під Голоском,49.86932,24.0121,3.0,Lviv,ua
166289,Аджика проспект Космонавтів,49.22299,28.419482,3.0,Vinnytsia,ua
170248,Сімейна піца/ Сімейна  Пекарня вул. Городоцька 135,49.836768,24.003232,3.0,Lviv,ua
173963,Смак дому Глибочицька,50.462807,30.488402,4.0,Kyiv,ua
87467,Tasty Greens Вишневе,50.390473,30.359867,3.0,Kyiv,ua
138379,Обертуни,50.443859,30.495883,3.0,Kyiv,ua
68112,Файна Шава,48.46386,35.05031,3.0,Dnipro,ua
82783,Royal Kebab Зелена,49.83447,24.03573,3.0,Lviv,ua
84052,Панда їсть бамбук,50.508585,30.793902,9.0,Brovary,ua
89591,WeSushi вул. Київський шлях,50.352624,30.948578,3.0,Boryspil,ua
155214,Remeslo Brewery Квартальна,49.963638,36.093745,3.0,Kharkiv,ua
194700,Кафе Залишусь у подруги,50.39955,30.624116,3.0,Kyiv,ua
21582,Poke Oke Софіївська Борщагівка,50.42458,30.36582,3.0,Kyiv,ua
68285,Pizza Bella Napoli Квітки-Основʼяненка,49.990014,36.231519,3.0,Kharkiv,ua
154130,EatSushi Курбаса,50.429418,30.383874,3.0,Kyiv,ua
173975,Обертуни Академіка Янгеля,50.447262,30.453185,4.0,Kyiv,ua
48385,Sushi Master Машинобудівна,50.449819,30.42057,3.0,Kyiv,ua
84043,Greenbar cafe,50.508585,30.793902,3.0,Brovary,ua
157664,Sushi Master Леваневського,49.785434,30.159482,3.0,Bila Tserkva,ua
194600,Ф’южн.ua,48.61276,22.268607,3.0,Uzhhorod,ua
25142,Барбекю меню від ASAP Іллєнка,50.466273,30.47425,3.0,Kyiv,ua
74944,"Київська шаурма №1 Данила Щербаківського, 72",50.480491,30.406182,3.0,Kyiv,ua
91838,Bufet вул. Сковороди 40,49.99766,36.23974,3.0,Kharkiv,ua
139305,Remeslo Brewery вул.Гарманта,50.447773,30.432166,3.0,Kyiv,ua
180746,Реберня в Івано-Франківську,48.91933,24.711622,3.0,Ivano-Frankivsk,ua
9644,Mafia Велика Васильківська,50.431523,30.515631,3.0,Kyiv,ua
25408,Супчик Салатик Миколайчука,50.43508,30.60643,3.0,Kyiv,ua
34691,Chick'n'Rice б-р Чоколівський,50.432211,30.454389,3.0,Kyiv,ua
52457,Панда їсть бамбук Миколайчука,50.43508,30.60643,9.0,Kyiv,ua
142906,Кафе Національ Васильківська,50.39399,30.49085,3.0,Kyiv,ua
143581,ШАВУХА ТОПЧИК Івана Миколайчука,50.43496,30.60619,3.0,Kyiv,ua
72441,Roll Club проспект Григоренко,49.96443,36.319407,3.0,Kharkiv,ua
82753,Хата Багата Рогнідинська,50.43995,30.51989,3.0,Kyiv,ua
96649,Tempo caffe вул. Пантелеймона Куліша,49.847859,24.023993,3.0,Lviv,ua
195666,DÖNER МАРКЕТ вул. Харківська 2/2,50.902367,34.806524,3.0,Sumy,ua
91840,Bufet пр-т Науки,50.02313,36.22465,3.0,Kharkiv,ua
154183,EatSushi Панікахи,48.396185,35.028352,3.0,Dnipro,ua
162778,Cucina della Mamma Софіївська Борщагівка,50.42464,30.36624,3.0,Kyiv,ua
69865,"Ma Food Велика Васильківська, 34",50.43803,30.515597,3.0,Kyiv,ua
153499,"Кулиничі пекарня,піца / Kulinichi pizza,bakery вул. Левицького",49.834103,24.041084,3.0,Lviv,ua
160249,"Кулиничі пекарня,піца / Kulinichi pizza,bakery вулиця Пекарська",49.838086,24.037234,3.0,Lviv,ua
188450,We Sushi Винниченка,50.749347,25.32898,3.0,Lutsk,ua
109557,Pizza Day 060  вул. Е.Фукса,47.984757,33.438395,3.0,Kryvyi Rih,ua
155201,Remeslo Brewery проспект Слави,49.983503,36.15448,3.0,Kharkiv,ua
180240,Oishii SUSHI Глибочицька,50.462807,30.488402,4.0,Kyiv,ua
48366,Sushi Master Клавдіївська,50.477643,30.338236,3.0,Kyiv,ua
175827,Yoshi вул. Келецька,49.227241,28.396027,3.0,Vinnytsia,ua
21515,Poke Oke Васильківська,50.39381,30.49071,3.0,Kyiv,ua
24425,Lviv Croissants вул. Г. Скоровороди,50.0027,36.24596,3.0,Kharkiv,ua
24957,Барбекю меню від ASAP Урлівська,50.40736,30.61831,3.0,Kyiv,ua
48233,Sushi Master Дорогожицька,50.470616,30.461762,3.0,Kyiv,ua
51151,All Stars by ASAP Макіївська,50.508688,30.453211,9.0,Kyiv,ua
57818,WeSushi Сім'ї Сосніних,50.417712,30.392521,3.0,Kyiv,ua
59732,Суші-бар Сусіди Харківських дивізій,49.957556,36.332212,3.0,Kharkiv,ua
69115,Червоний дракон на Соборності,50.43765,30.61828,3.0,Kyiv,ua
93073,Шавуха Team вул. Хрещатик,49.4467,32.059755,9.0,Cherkasy,ua
109540,Pizza Day 093 вул. Ватутіна,48.011163,33.484312,3.0,Kryvyi Rih,ua
120994,DÖNER МАРКЕТ вул. Харківська,50.902752,34.81071,3.0,Sumy,ua
154220,EatSushi Бойчука,50.418209,30.549518,3.0,Kyiv,ua
185437,Нарешті,47.846241,35.124202,3.0,Zaporizhia,ua
192448,ТУТ шаверма шоп вул. Інститутська,49.406749,26.964077,3.0,Khmelnytskyi,ua
48545,Sushi Master Образцова,48.51657,35.05485,3.0,Dnipro,ua
73739,Євразія Мангал,50.459281,30.410193,3.0,Kyiv,ua
96505,LOKSHA.IF,48.92164,24.7098,3.0,Ivano-Frankivsk,ua
117257,DÖNER МАРКЕТ Небесної Сотні,49.576772,34.579668,3.0,Poltava,ua
122729,ChinaTown Ревуцького,50.408825,30.646639,3.0,Kyiv,ua
143030,Ла'ваш,49.229894,28.45267,3.0,Vinnytsia,ua
157661,Sushi Master Берчені,48.62608,22.301044,3.0,Uzhhorod,ua
19238,The Roll вул. Жилянська,50.443133,30.494885,3.0,Kyiv,ua
79108,БОРЩ УКРАЇНСЬКИЙ  \ BORSHCH Софіївська Борщагівка,50.42452,30.36629,3.0,Kyiv,ua
97213,Remeslo Brewery пр-т Романа Шухевича,50.49506,30.58741,3.0,Kyiv,ua
142895,Кафе Національ просп. Яворницького,48.46443,35.04464,3.0,Dnipro,ua
153502,"Кулиничі пекарня,піца / Kulinichi pizza,bakery вул. Винна Гора",49.823317,24.140104,3.0,Lviv,ua
188446,We Sushi Трудова,48.609119,27.791658,3.0,Khmelnytskyi,ua
50946,Streets Вернадського,50.462541,30.374466,9.0,Kyiv,ua
105706,Стрічка,50.456582,30.431594,3.0,Kyiv,ua
109499,Remeslo brewery вул. Михайла Драгоманова 11,50.412569,30.637798,3.0,Kyiv,ua
182076,Київська шаурма №1 Кирилівська,50.486634,30.469446,3.0,Kyiv,ua
194376,Crazy Land пр-т. Б. Хмельницького,48.427494,35.014994,3.0,Dnipro,ua
35353,BUDUSUSHI Корольова,46.396258,30.723175,3.0,Odesa,ua
57808,WeSushi Образцова,48.51653,35.05475,3.0,Dnipro,ua
57821,WeSushi Борщагівська,50.445227,30.444044,3.0,Kyiv,ua
84580,"Київська шаурма №1 Дегтярівська, 32а",50.46256,30.46665,3.0,Kyiv,ua
98018,ROLLTOK,49.837688,24.038537,3.0,Lviv,ua
31586,Барбекю меню від ASAP Вернадського,50.462562,30.374459,3.0,Kyiv,ua
180343,Лосось та друзі Велика Васильківська,50.422891,30.5189,4.0,Kyiv,ua
34692,Chackmag Doner б-р Чоколівський,50.432211,30.454389,3.0,Kyiv,ua
51884,Вічнозелені Броварський проспект,50.456772,30.614039,9.0,Kyiv,ua
83630,"Шавєрма, брат Соборна",49.234341,28.462251,3.0,Vinnytsia,ua
93239,Roll Club Садовий проїзд,49.95162,36.30807,3.0,Kharkiv,ua
155203,Remeslo Brewery Нескорених,50.023026,36.340934,3.0,Kharkiv,ua
192654,Sushi Red fish,48.46333,35.052539,3.0,Dnipro,ua
194554,Золота Шкварочка,48.273764,25.960084,3.0,Chernivtsi,ua
73196,"Шавєрма, брат Юності пр-т",49.22417,28.41094,3.0,Vinnytsia,ua
115057,Жуїстика Сільпо на Лаврухіна,50.516476,30.602119,3.0,Kyiv,ua
166310,Аджика вул. Короленка,49.237731,28.507642,3.0,Vinnytsia,ua
176630,Sushi на суші Жилянська,50.443431,30.495543,3.0,Kyiv,ua
64691,LOVEROLL вул. Пекарська,49.83781,24.03855,3.0,Lviv,ua
74943,Royal Kebab Соборна,49.83955,24.03378,3.0,Lviv,ua
85200,"Remeslo Brewery Драгоманова, 2",50.418032,30.634193,3.0,Kyiv,ua
195441,Корвін,46.48447,30.738583,3.0,Odesa,ua
64181,Hellboy Піца Сім'ї Сосніних,50.41714,30.39257,4.0,Kyiv,ua
162779,Cucina della Mamma Миколайчука,50.43498,30.60617,3.0,Kyiv,ua
174032,Сніданок мріЇ Глибочицька,50.462807,30.488402,4.0,Kyiv,ua
174076,ТЕРІЯКИ ХАУС Велика Васильківська,50.422891,30.5189,4.0,Kyiv,ua
89594,Sushi Master вул. Шевченка,50.518666,30.241241,3.0,Irpin,ua
173974,Gyoza&Go Академіка Янгеля,50.447262,30.453185,4.0,Kyiv,ua
180340,Лосось та друзі Академіка Янгеля,50.447262,30.453185,4.0,Kyiv,ua
13547,Mafia Левка Лукяненка,50.51367,30.49736,3.0,Kyiv,ua
34689,Greenbar cafe б-р Чоколівський,50.432211,30.454389,3.0,Kyiv,ua
48455,Sushi Master пр-т Лобановського,50.422565,30.465383,3.0,Kyiv,ua
154149,Don Peperon Ніжинська,46.480257,30.731458,3.0,Odesa,ua
157679,Wesushi Ладожська,47.886147,35.071994,3.0,Zaporizhia,ua
52315,Панда їсть бамбук Гавела,50.44333,30.41876,9.0,Kyiv,ua
91836,Bufet вул. Академіка Павлова,50.0092,36.32049,3.0,Kharkiv,ua
97003,Київська шаурма №1 вул. Закревського,50.513026,30.623023,3.0,Kyiv,ua
106447,чілміл на Борщагівській,50.44531,30.444853,3.0,Kyiv,ua
118959,ШАУРМАМА просп. Перемоги,50.45147,30.467707,3.0,Kyiv,ua
125005,ШАУРМАМА вул. Бірюкова,50.54943,30.20027,3.0,Irpin,ua
22523,Супчик Салатик Іллєнка,50.466273,30.47425,3.0,Kyiv,ua
59731,Суші-бар Сусіди пр-т Берестейський,50.44787,30.48448,3.0,Kyiv,ua
106567,WeSushi вул. Домбровського,50.26738,28.64941,3.0,Zhytomyr,ua
162752,Cucina della Mamma Федорова,50.426686,30.509367,3.0,Kyiv,ua
190755,Зашкварка,49.838155,24.035358,3.0,Lviv,ua
51914,Вічнозелені Макіївська,50.50882,30.45317,9.0,Kyiv,ua
57797,WeSushi Цвєтаєвої,50.52283,30.6106,3.0,Kyiv,ua
57801,WeSushi пр-т Перемоги 67Д,50.4573,30.40929,3.0,Kyiv,ua
90278,Remeslo Brewery вул. Героїв полку Азов,50.502286,30.497171,3.0,Kyiv,ua
154246,EatSushi Васильківська,50.382023,30.476298,3.0,Kyiv,ua
169029,Китайський Привіт Золоті Ворота,50.449504,30.509913,3.0,Kyiv,ua
181981,Roll Club вул. 600-річчя,49.228149,28.426036,3.0,Vinnytsia,ua
193777,Franko Doner Kebab Пд. Бульвар,48.920062,24.708916,3.0,Ivano-Frankivsk,ua
18186,Свіжість Січових стрільців,50.456208,30.501756,3.0,Kyiv,ua
45964,DÖNER МАРКЕТ Дружби народів 30а,50.41801,30.54537,3.0,Kyiv,ua
52452,Панда їсть бамбук Тютюнника,50.416785,30.528807,9.0,Kyiv,ua
154173,EatSushi Молодіжна/Стуса,50.382572,30.384817,3.0,Kyiv,ua
155127,Remeslo Brewery Академіка Павлова,49.990382,36.290406,3.0,Kharkiv,ua
22562,Chackmag Doner Ревуцького,50.41178,30.64564,3.0,Kyiv,ua
71626,Ґанок гриль-бар,49.234578,28.461164,3.0,Vinnytsia,ua
193249,ресторан Кавказ,49.834015,24.035117,3.0,Lviv,ua
193763,"Краш кава пр. Левка Лукʼяненка, 10",51.508904,31.331275,3.0,Chernihiv,ua
32220,Lviv Croissants Площа Ринок,49.842664,24.031621,3.0,Lviv,ua
34589,BUDUSUSHI Космонавтів,46.434317,30.719491,3.0,Odesa,ua
84547,Sushi Master Петлюри,50.522024,30.802671,3.0,Brovary,ua
118947,ШАУРМАМА просп. Академіка Палладіна,50.459097,30.357548,3.0,Kyiv,ua
124815,Рання пташка на Івасюка,50.52019,30.51429,3.0,Kyiv,ua
41368,1708 Pizza di Napoli Відрадний,50.433245,30.4327,3.0,Kyiv,ua
51211,ДжонДжолі Тараса Шевченка,50.44555,30.50217,3.0,Kyiv,ua
51214,All Stars by ASAP Софіївська Борщагівка,50.42446,30.3661,9.0,Kyiv,ua
57819,WeSushi Пулюя,50.41255,30.46265,3.0,Kyiv,ua
59473,WeSushi пр-т Гагаріна,50.445216,30.626196,3.0,Kyiv,ua
80479,Pesto Cafe Малишка,50.45802,30.61333,3.0,Kyiv,ua
86596,Pasta&Pizza Велика Окружна,50.42928,30.35736,3.0,Kyiv,ua
89192,чілміл на Нивках,50.45879,30.39887,3.0,Kyiv,ua
175832,Yoshi вул. Пирогова,49.232704,28.456649,3.0,Vinnytsia,ua
33647,BUREK Наукова,49.80473,23.9868,3.0,Lviv,ua
36453,Sushi Family Науки,48.450627,35.059549,3.0,Dnipro,ua
166323,Аджика вул. Соборна,49.234341,28.462251,3.0,Vinnytsia,ua
50983,Streets Макіївська,50.509431,30.453294,9.0,Kyiv,ua
71773,Панда їсть бамбук генерала Пушкіна,48.4372,35.03273,9.0,Dnipro,ua
144973,ВАМ ДОНЕР? вул.Пастерівська,49.42201,32.05987,3.0,Cherkasy,ua
165952,Dono Піца ПЗТО,48.491776,35.931599,3.0,Pavlohrad,ua
174028,ТЕРІЯКИ ХАУС Глибочицька,50.462807,30.488402,4.0,Kyiv,ua
48580,Sushi Master Преображенська,46.478814,30.7315,3.0,Odesa,ua
60863,XA food Шота Руставелі,50.439549,30.520804,3.0,Kyiv,ua
98369,This is Pivbar вул. Лісківська,50.52344,30.60311,3.0,Kyiv,ua
136264,Рання пташка Софіївська Борщагівка,50.408445,30.379506,3.0,Kyiv,ua
178055,Сімейна Піца/Сімейна Пекарня вул. Чорновола 57,49.855959,24.021382,3.0,Lviv,ua
17800,Mafia Берестейський,50.45678,30.365418,3.0,Kyiv,ua
25975,Greenbar cafe Левка Лук'яненка,50.512178,30.492153,3.0,Kyiv,ua
36573,Sushi Family Лисиченко,48.5246,35.03664,3.0,Dnipro,ua
52451,Панда їсть бамбук Левка Лук'яненка,50.512178,30.492153,9.0,Kyiv,ua
102237,Remeslo brewery Щербаківського,50.473174,30.40629,3.0,Kyiv,ua
118105,NUNU Гамбургерна,50.466854,30.511986,3.0,Kyiv,ua
159292,AMVAM Delivery,49.444975,32.065072,3.0,Cherkasy,ua
193874,Pizza ZAZA вул. Сугаїтська,49.429311,32.011998,3.0,Cherkasy,ua
57837,WeSushi пр-т Лобановського,50.42245,30.46539,3.0,Kyiv,ua
68261,Umami Sushi Тракторобудівників,49.995687,36.339295,3.0,Kharkiv,ua
84035,Сезонне меню від ASAP,50.508585,30.793902,9.0,Brovary,ua
96856,ЕМПАНАДА ПО КИЇВСЬКИ,50.443621,30.496194,3.0,Kyiv,ua
173713,"""Пивна Ліга"" вул. Михайла Донця",50.43588,30.43073,3.0,Kyiv,ua
174380,Royal Kebab Спартак,49.870072,24.023141,3.0,Lviv,ua
25832,Maranello 23 Серпня,50.033509,36.215573,3.0,Kharkiv,ua
64125,Hellboy Піца Левітана,46.405818,30.718603,3.0,Odesa,ua
106568,Sushi Master вул. Домбровського,50.26733,28.64925,3.0,Zhytomyr,ua
153492,Галицька перепічка вул. Івана Кавалерідзе,49.793861,24.065365,3.0,Lviv,ua
163184,Philadelphia roll&bowl Драгоманова,50.417999,30.633143,3.0,Kyiv,ua
17799,Casta Берестейський,50.45678,30.365418,3.0,Kyiv,ua
48582,Sushi Master Сегедська,46.450271,30.743617,3.0,Odesa,ua
71770,"Мамо, я в шапці генерала Пушкіна",48.4372,35.03273,3.0,Dnipro,ua
86636,Remeslo Brewery Сікорського,50.466578,30.430023,3.0,Kyiv,ua
154129,Don Peperon Левітана,46.405861,30.719563,3.0,Odesa,ua
50981,Streets Іллєнка,50.466273,30.47425,9.0,Kyiv,ua
81226,Remeslo Brewery Миколайчука,50.43272,30.60009,3.0,Kyiv,ua
160241,"Кулиничі пекарня,піца / Kulinichi pizza,bakery проспект В'ячеслава Чорновола",49.846633,24.025816,3.0,Lviv,ua
173069,Salateira Проспект Романа Шухевича,50.4931,30.56082,3.0,Kyiv,ua
11449,Євразія Лесі Українки,50.428488,30.538485,3.0,Kyiv,ua
87466,Tasty Greens Відрадний пр-т,50.433311,30.432779,3.0,Kyiv,ua
91945,Bufet Салтівське шосе,49.98825,36.35904,3.0,Kharkiv,ua
157663,Sushi Master Ладожська,47.886147,35.071994,3.0,Zaporizhia,ua
170315,Сімейна піца/ Сімейна  Пекарня вул. Чорновола 69,49.861217,24.01841,3.0,Lviv,ua
25405,Chackmag Doner Миколайчука,50.43508,30.60643,3.0,Kyiv,ua
61352,Хінкаль Нижній Вал,50.466162,30.511794,3.0,Kyiv,ua
95706,Burgerone,50.44361,30.49617,3.0,Kyiv,ua
154156,EatSushi вул. Європейська,49.578784,34.541456,3.0,Poltava,ua
155130,Remeslo Brewery Амосова,49.98482,36.360596,3.0,Kharkiv,ua
11215,Євразія Межигірська,50.467663,30.513855,3.0,Kyiv,ua
115844,КУМА ШАУРМА Черемушки,46.443823,30.705681,3.0,Odesa,ua
154196,EatSushi Образцова,48.516517,35.054755,3.0,Dnipro,ua
160819,MONOпіца вул. Шевченка,51.491952,31.302315,3.0,Chernihiv,ua
